id_known,id_unknown,is_max,proximity,average_dist_normalized,sorted_rank,helpers,num_helpers,num_atoms,cosine,matched,shifted,unshifted,weight,delta,peaks,shifted_annotated_ratio,shifted_annotated_ambiguity,shifted_annotated_entropy
CCMSLIB00000085060,CCMSLIB00000085976,1.0,1.0,0.7431645546507313,1.0,['CCMSLIB00000085114' 'CCMSLIB00000085500' 'CCMSLIB00000085485'],3,25,0.4520310945329276,54,16,38,347.22,15.993999999999971,98,0.6875,4.727272727272728,0.3823260656834359
CCMSLIB00000085084,CCMSLIB00000085954,0.0,0.25,0.0223019432738386,0.7333333333333333,[],0,16,0.7606189553570339,8,1,7,214.086,67.98500000000001,15,1.0,1.0,0.0
CCMSLIB00000085225,CCMSLIB00000085178,0.0,0.4444444444444444,0.0762428530568964,0.0,['CCMSLIB00000085131' 'CCMSLIB00000085137' 'CCMSLIB00000085190'  'CCMSLIB00000085335' 'CCMSLIB00000085557' 'CCMSLIB00000085562'  'CCMSLIB00000085643' 'CCMSLIB00000085793' 'CCMSLIB00000085939'  'CCMSLIB00000086051'],10,19,0.7250478070685041,3,1,2,268.103,118.082,55,0.0,-1.0,0.0
CCMSLIB00000086061,CCMSLIB00000086012,0.1428571428571428,1.0,0.8001553488307903,1.0,[],0,22,0.0924913739765109,6,1,5,295.113,14.012999999999977,51,0.0,-1.0,0.0
CCMSLIB00000085239,CCMSLIB00000085088,0.0,0.8181818181818182,0.7972861334338102,0.2857142857142857,['CCMSLIB00000085789'],1,22,0.5620248165699518,59,31,28,299.199,14.017999999999972,98,0.5161290322580645,4.5625,0.4143909089038787
CCMSLIB00000085703,CCMSLIB00000085565,1.0,1.0,0.2763433176579286,1.0,[],0,19,0.2446550303010224,38,11,27,255.067,14.019000000000004,87,0.7272727272727273,7.375,0.3020626783945911
CCMSLIB00000084979,CCMSLIB00000086051,0.0,0.0,0.0,0.0,['CCMSLIB00000085131' 'CCMSLIB00000085137' 'CCMSLIB00000085178'  'CCMSLIB00000085190' 'CCMSLIB00000085335' 'CCMSLIB00000085557'  'CCMSLIB00000085562' 'CCMSLIB00000085643' 'CCMSLIB00000085793'  'CCMSLIB00000085867' 'CCMSLIB00000085939'],11,19,0.0077230915429487,1,1,0,268.103,33.96800000000002,47,0.0,-1.0,0.0
CCMSLIB00000085276,CCMSLIB00000084738,0.0,0.0,0.0,0.0,['CCMSLIB00000084951' 'CCMSLIB00000085282' 'CCMSLIB00000085275'  'CCMSLIB00000085717' 'CCMSLIB00000085915'],5,14,0.0026340754937711,1,0,1,195.085,60.025000000000006,72,0.0,-1.0,0.0
CCMSLIB00000084979,CCMSLIB00000085131,0.0,0.8888888888888888,0.6437532361010896,0.5,['CCMSLIB00000085137' 'CCMSLIB00000085178' 'CCMSLIB00000085190'  'CCMSLIB00000085335' 'CCMSLIB00000085557' 'CCMSLIB00000085562'  'CCMSLIB00000085643' 'CCMSLIB00000085793' 'CCMSLIB00000085867'  'CCMSLIB00000085939' 'CCMSLIB00000086051'],11,19,0.9281686030902996,2,2,0,268.103,76.03499999999997,47,1.0,1.5,0.0147478123523392
CCMSLIB00000085225,CCMSLIB00000085643,0.0,0.8888888888888888,0.6744709098052075,0.5,['CCMSLIB00000085131' 'CCMSLIB00000085137' 'CCMSLIB00000085178'  'CCMSLIB00000085190' 'CCMSLIB00000085335' 'CCMSLIB00000085557'  'CCMSLIB00000085562' 'CCMSLIB00000085793' 'CCMSLIB00000085867'  'CCMSLIB00000085939' 'CCMSLIB00000086051'],11,19,0.0603665703335931,3,3,0,268.103,91.048,55,0.6666666666666666,1.0,0.0
CCMSLIB00000084950,CCMSLIB00000085697,0.0,0.8571428571428571,0.6990768224465553,0.9642857142857144,['CCMSLIB00000084784' 'CCMSLIB00000085054' 'CCMSLIB00000085976'  'CCMSLIB00000085212'],4,29,0.6002473547597605,58,1,57,405.228,84.09899999999999,100,1.0,3.0,0.0572862751465331
CCMSLIB00000086094,CCMSLIB00000085210,0.0,0.5833333333333334,0.4779928981679633,0.0666666666666666,[],0,31,0.6654719663616772,52,2,50,435.226,17.982000000000028,100,1.0,2.5,0.0150407739677627
CCMSLIB00000084845,CCMSLIB00000085319,0.0,0.5454545454545454,0.6699367244055795,0.5909090909090909,['CCMSLIB00000085038' 'CCMSLIB00000085120'],2,23,0.3817039248435994,44,4,40,315.236,15.985000000000014,97,0.0,-1.0,0.0
CCMSLIB00000085319,CCMSLIB00000084784,0.0,0.6363636363636364,0.5064553167765782,0.6521739130434783,['CCMSLIB00000084845' 'CCMSLIB00000085881' 'CCMSLIB00000085491'],3,24,0.584744803347959,46,6,40,331.221,16.002999999999986,99,0.3333333333333333,10.0,0.0249444486349336
CCMSLIB00000084979,CCMSLIB00000085643,0.0,0.0,0.0,0.0,['CCMSLIB00000085131' 'CCMSLIB00000085137' 'CCMSLIB00000085178'  'CCMSLIB00000085190' 'CCMSLIB00000085335' 'CCMSLIB00000085557'  'CCMSLIB00000085562' 'CCMSLIB00000085793' 'CCMSLIB00000085867'  'CCMSLIB00000085939' 'CCMSLIB00000086051'],11,19,0.0096935238738427,1,1,0,268.103,91.048,47,0.0,-1.0,0.0
CCMSLIB00000084903,CCMSLIB00000085210,0.0,0.4166666666666667,0.4736797041495629,0.0666666666666666,[],0,31,0.6559967354827574,56,5,51,435.222,17.986000000000047,100,0.8,2.0,0.0219722457733621
CCMSLIB00000084784,CCMSLIB00000085976,1.0,1.0,0.6801398614558428,1.0,['CCMSLIB00000085319' 'CCMSLIB00000085500' 'CCMSLIB00000084950'  'CCMSLIB00000085212' 'CCMSLIB00000085329' 'CCMSLIB00000085697'  'CCMSLIB00000085985'],7,25,0.603882665868948,53,9,44,347.224,15.990000000000007,99,0.7777777777777778,1.8571428571428568,0.2329020911985045
CCMSLIB00000085985,CCMSLIB00000085212,0.3333333333333333,1.0,0.7049930222650734,1.0,['CCMSLIB00000084784' 'CCMSLIB00000085054' 'CCMSLIB00000085976'  'CCMSLIB00000085697'],4,29,0.7504453719509037,63,0,63,405.225,58.00599999999997,100,0.0,-1.0,0.0
CCMSLIB00000084979,CCMSLIB00000085335,0.0,0.4444444444444444,0.0762428530568964,0.0,['CCMSLIB00000085131' 'CCMSLIB00000085137' 'CCMSLIB00000085178'  'CCMSLIB00000085190' 'CCMSLIB00000085557' 'CCMSLIB00000085562'  'CCMSLIB00000085643' 'CCMSLIB00000085793' 'CCMSLIB00000085867'  'CCMSLIB00000086051'],10,19,0.7904356497154631,2,0,2,268.103,68.05899999999997,47,0.0,-1.0,0.0
CCMSLIB00000084853,CCMSLIB00000085910,0.0,0.7,0.312785541089992,0.5,['CCMSLIB00000085908' 'CCMSLIB00000085292'],2,17,0.3463928968678292,14,6,8,233.131,33.958999999999975,30,0.5,3.333333333333333,0.0668082193802966
CCMSLIB00000086149,CCMSLIB00000085876,0.1666666666666666,1.0,0.768570483474575,0.6875,[],0,17,0.0624952421279742,3,1,2,271.035,14.014999999999986,59,1.0,1.0,0.0
CCMSLIB00000085116,CCMSLIB00000085231,0.0,0.25,0.2366194655345004,0.9642857142857144,['CCMSLIB00000085776' 'CCMSLIB00000085865'],2,29,0.7686552841632747,48,3,45,411.2,84.055,100,0.6666666666666666,1.5,0.0069314718055994
CCMSLIB00000085976,CCMSLIB00000085856,0.0,0.6666666666666666,0.7286676664524342,0.96,['CCMSLIB00000084784' 'CCMSLIB00000084981' 'CCMSLIB00000085060'  'CCMSLIB00000085263' 'CCMSLIB00000084950' 'CCMSLIB00000085040'  'CCMSLIB00000085212' 'CCMSLIB00000085329' 'CCMSLIB00000085697'  'CCMSLIB00000085985'],10,26,0.7933395634790058,59,0,59,363.214,84.065,99,0.0,-1.0,0.0
CCMSLIB00000085626,CCMSLIB00000085662,0.0,0.2307692307692307,0.4434144997000139,0.92,[],0,26,0.7821546243950209,36,5,31,396.049,58.00600000000003,99,1.0,2.8,0.0977631666130162
CCMSLIB00000085565,CCMSLIB00000084748,0.0,0.75,0.8155919684684997,0.8421052631578947,['CCMSLIB00000085703'],1,20,0.687797404054377,40,26,14,269.086,15.991999999999962,75,0.5769230769230769,9.133333333333333,0.3191632891530071
CCMSLIB00000085818,CCMSLIB00000085426,0.0,0.1818181818181818,0.3452510744238687,0.0,[],0,23,0.5136114494767644,38,6,32,357.069,42.04599999999999,98,0.8333333333333334,3.0,0.0761018481985566
CCMSLIB00000084784,CCMSLIB00000085212,0.0,0.4545454545454545,0.7035566877751138,0.9166666666666666,['CCMSLIB00000085319' 'CCMSLIB00000085500' 'CCMSLIB00000084950'  'CCMSLIB00000085054' 'CCMSLIB00000085329' 'CCMSLIB00000085697'  'CCMSLIB00000085976' 'CCMSLIB00000085985'],8,25,0.5085544115595853,44,0,44,347.224,116.007,99,0.0,-1.0,0.0
CCMSLIB00000085282,CCMSLIB00000084738,0.0,0.6,0.1796119587011453,0.4166666666666667,['CCMSLIB00000085275' 'CCMSLIB00000085276' 'CCMSLIB00000085599'  'CCMSLIB00000086044'],4,13,0.0166294552105277,3,1,2,181.069,74.04100000000003,14,0.0,-1.0,0.0
CCMSLIB00000085263,CCMSLIB00000085054,0.0,0.8333333333333334,0.7979935894112621,0.75,['CCMSLIB00000085114' 'CCMSLIB00000085319' 'CCMSLIB00000084937'  'CCMSLIB00000085040' 'CCMSLIB00000085856'],5,25,0.6800843853957388,50,13,37,347.218,15.996999999999955,100,0.3076923076923077,1.25,0.0069314718055994
CCMSLIB00000085412,CCMSLIB00000085793,0.1,1.0,0.6553030802669346,0.5,['CCMSLIB00000085131' 'CCMSLIB00000085137' 'CCMSLIB00000085178'  'CCMSLIB00000085190' 'CCMSLIB00000085335' 'CCMSLIB00000085557'  'CCMSLIB00000085562' 'CCMSLIB00000085643' 'CCMSLIB00000085867'  'CCMSLIB00000085939' 'CCMSLIB00000086051'],11,19,0.3166792167444388,2,2,0,268.105,119.07599999999996,70,0.5,1.0,0.0
CCMSLIB00000085500,CCMSLIB00000085060,0.0,0.7272727272727273,0.6947515351547653,0.9565217391304348,['CCMSLIB00000084845' 'CCMSLIB00000085881' 'CCMSLIB00000084826'  'CCMSLIB00000085120'],4,24,0.8971480686368174,52,10,42,331.233,15.987000000000023,99,0.4,2.5,0.0585176816462977
CCMSLIB00000085054,CCMSLIB00000085040,0.0,0.6666666666666666,0.7305420590438587,0.96,['CCMSLIB00000084784' 'CCMSLIB00000084981' 'CCMSLIB00000085060'  'CCMSLIB00000085263' 'CCMSLIB00000084950' 'CCMSLIB00000085212'  'CCMSLIB00000085329' 'CCMSLIB00000085697' 'CCMSLIB00000085856'  'CCMSLIB00000085985'],10,26,0.7466007853752381,53,1,52,363.215,70.043,100,0.0,-1.0,0.0
CCMSLIB00000084817,CCMSLIB00000085462,0.0,0.3,0.5210659189528154,0.9473684210526316,[],0,20,0.6593579007177354,33,19,14,271.172,14.016999999999996,90,0.7894736842105263,3.933333333333333,0.3772835849812062
CCMSLIB00000086178,CCMSLIB00000085049,0.0,0.7272727272727273,0.6197952643579331,0.4545454545454545,[],0,23,0.5124489657185557,31,10,21,319.266,13.974999999999966,80,0.9,4.666666666666667,0.3097442326844216
CCMSLIB00000085414,CCMSLIB00000085529,0.0,0.6666666666666666,0.7538202634810953,0.7777777777777778,['CCMSLIB00000085997'],1,28,0.7850973450486187,70,42,28,385.24,12.007000000000003,100,0.3333333333333333,3.0,0.2393661096425498
CCMSLIB00000084988,CCMSLIB00000084976,0.0,0.4,0.6299356219359352,0.5789473684210527,[],0,20,0.2159169514630879,5,1,4,271.06,14.01600000000002,53,1.0,6.0,0.113515275228398
CCMSLIB00000085999,CCMSLIB00000085462,1.0,1.0,0.2310607775941102,1.0,[],0,20,0.7557325918956046,43,28,15,271.171,14.018000000000027,96,0.75,4.523809523809524,0.5864884540012937
CCMSLIB00000085329,CCMSLIB00000085697,0.0,0.8571428571428571,0.7003558677020663,0.9642857142857144,['CCMSLIB00000084784' 'CCMSLIB00000085054' 'CCMSLIB00000085976'  'CCMSLIB00000085212'],4,29,0.5629095650000494,50,0,50,405.22,84.10699999999997,100,0.0,-1.0,0.0
CCMSLIB00000085282,CCMSLIB00000086044,0.0,0.0,0.0,0.0,['CCMSLIB00000084738' 'CCMSLIB00000085275' 'CCMSLIB00000085276'  'CCMSLIB00000085599'],4,13,0.0496244259665374,1,0,1,181.069,68.071,14,0.0,-1.0,0.0
CCMSLIB00000085485,CCMSLIB00000084813,0.0,0.75,0.5476054272972656,0.88,['CCMSLIB00000084981' 'CCMSLIB00000085060'],2,26,0.8537043825820977,49,16,33,361.207,42.00799999999998,99,0.6875,16.454545454545453,0.4551140772803101
CCMSLIB00000085319,CCMSLIB00000085263,0.0,0.5454545454545454,0.3127697645585114,0.0,['CCMSLIB00000084845' 'CCMSLIB00000085881' 'CCMSLIB00000085491'],3,24,0.4909153699250383,50,10,40,331.221,15.997000000000014,99,0.5,3.4,0.0244733584958882
CCMSLIB00000084826,CCMSLIB00000086116,1.0,1.0,0.5707316453277056,1.0,['CCMSLIB00000085500'],1,25,0.8801196591859549,55,2,53,345.246,42.01500000000004,98,1.0,1.5,0.0707293041387699
CCMSLIB00000085881,CCMSLIB00000085038,1.0,1.0,0.6480841221522586,1.0,['CCMSLIB00000085114' 'CCMSLIB00000085120' 'CCMSLIB00000085319'  'CCMSLIB00000085500'],4,23,0.2086285958176949,46,3,43,315.234,58.00300000000004,72,1.0,6.333333333333333,0.123324201190784
CCMSLIB00000085928,CCMSLIB00000085547,0.0,0.0,0.4167252558416316,0.9230769230769232,[],0,14,0.7224714069659318,20,3,17,191.07,24.004999999999995,74,1.0,4.333333333333333,0.0462180234182249
CCMSLIB00000084784,CCMSLIB00000085329,0.0,0.7272727272727273,0.7071902552118094,0.9166666666666666,['CCMSLIB00000085319' 'CCMSLIB00000085500' 'CCMSLIB00000085054'  'CCMSLIB00000085212' 'CCMSLIB00000085697' 'CCMSLIB00000085976'],6,25,0.5770915276107805,43,2,41,347.224,57.99600000000004,99,1.0,19.0,0.0471013067978794
CCMSLIB00000085276,CCMSLIB00000085275,0.0,0.0,0.0,0.0,['CCMSLIB00000084951' 'CCMSLIB00000085282' 'CCMSLIB00000084738'  'CCMSLIB00000085717' 'CCMSLIB00000085915'],5,14,0.0228231877699977,1,0,1,195.085,42.047,72,0.0,-1.0,0.0
CCMSLIB00000085054,CCMSLIB00000085697,1.0,1.0,0.6236468018901593,1.0,['CCMSLIB00000084784' 'CCMSLIB00000084981' 'CCMSLIB00000085060'  'CCMSLIB00000085263' 'CCMSLIB00000084950' 'CCMSLIB00000085040'  'CCMSLIB00000085212' 'CCMSLIB00000085329' 'CCMSLIB00000085856'  'CCMSLIB00000085985'],10,26,0.4527000905621727,55,0,55,363.215,126.11200000000002,100,0.0,-1.0,0.0
CCMSLIB00000085412,CCMSLIB00000085557,0.0,0.2222222222222222,0.101133329288576,0.0,['CCMSLIB00000085131' 'CCMSLIB00000085137' 'CCMSLIB00000085178'  'CCMSLIB00000085190' 'CCMSLIB00000085335' 'CCMSLIB00000085562'  'CCMSLIB00000085643' 'CCMSLIB00000085793' 'CCMSLIB00000085867'  'CCMSLIB00000085939' 'CCMSLIB00000086051'],11,19,0.0231713002305974,3,1,2,268.105,80.03199999999998,70,0.0,-1.0,0.0
CCMSLIB00000085862,CCMSLIB00000085673,0.0,0.6363636363636364,0.7134417522740634,0.6190476190476191,[],0,22,0.7604219878420748,50,40,10,295.183,30.012,73,0.9,2.861111111111111,0.4381526621868297
CCMSLIB00000084979,CCMSLIB00000085178,0.0,0.4444444444444444,0.0762428530568964,0.0,['CCMSLIB00000085131' 'CCMSLIB00000085137' 'CCMSLIB00000085190'  'CCMSLIB00000085335' 'CCMSLIB00000085557' 'CCMSLIB00000085562'  'CCMSLIB00000085643' 'CCMSLIB00000085793' 'CCMSLIB00000085939'  'CCMSLIB00000086051'],10,19,0.704287310469074,3,1,2,268.103,118.082,47,0.0,-1.0,0.0
CCMSLIB00000084981,CCMSLIB00000085976,0.0,0.8333333333333334,0.7867769576763232,0.9583333333333334,['CCMSLIB00000085114' 'CCMSLIB00000085500' 'CCMSLIB00000085485'],3,25,0.4021447308371875,39,11,28,347.221,15.992999999999997,90,0.8181818181818182,5.111111111111111,0.2185471766470341
CCMSLIB00000085174,CCMSLIB00000085437,0.0,0.9285714285714286,0.8316660296209352,0.75,['CCMSLIB00000086041' 'CCMSLIB00000086103'],2,29,0.8335541833992703,67,45,22,403.213,14.016999999999996,100,0.4888888888888889,5.363636363636363,0.6423440376630457
CCMSLIB00000085239,CCMSLIB00000084736,0.0,0.9090909090909092,0.7579335318402254,0.8571428571428571,['CCMSLIB00000085789'],1,22,0.7222857420157595,56,20,36,299.199,14.019000000000004,98,0.6,4.166666666666667,0.3012120914033397
CCMSLIB00000085500,CCMSLIB00000084784,1.0,1.0,0.7205090306472948,1.0,['CCMSLIB00000084845' 'CCMSLIB00000085881' 'CCMSLIB00000084826'  'CCMSLIB00000085120'],4,24,0.4015499461179936,43,14,29,331.233,15.990999999999984,99,0.4285714285714285,1.5,0.0788693844074055
CCMSLIB00000085225,CCMSLIB00000086051,0.0,0.0,0.0,0.0,['CCMSLIB00000085131' 'CCMSLIB00000085137' 'CCMSLIB00000085178'  'CCMSLIB00000085190' 'CCMSLIB00000085335' 'CCMSLIB00000085557'  'CCMSLIB00000085562' 'CCMSLIB00000085643' 'CCMSLIB00000085793'  'CCMSLIB00000085867' 'CCMSLIB00000085939'],11,19,0.002084432629089,1,1,0,268.103,33.96800000000002,55,0.0,-1.0,0.0
CCMSLIB00000085500,CCMSLIB00000084981,0.0,0.7272727272727273,0.7242392974069868,0.9130434782608696,['CCMSLIB00000084845' 'CCMSLIB00000085881' 'CCMSLIB00000084826'  'CCMSLIB00000085120'],4,24,0.7967720476031471,44,8,36,331.233,15.988,99,0.25,2.5,0.0498000430871529
CCMSLIB00000085147,CCMSLIB00000085324,0.0,0.0714285714285714,0.1257449637051501,0.5185185185185185,[],0,28,0.5692240741197481,53,6,47,372.237,15.98599999999999,98,0.6666666666666666,12.25,0.0612509432056293
CCMSLIB00000086028,CCMSLIB00000085197,0.0,0.5454545454545454,0.7324129304191793,0.9047619047619048,[],0,22,0.6702056929510429,35,22,13,295.185,30.00599999999997,90,1.0,2.0,0.1662233170954429
CCMSLIB00000085412,CCMSLIB00000085562,0.0,0.2222222222222222,0.0662433210455025,0.0,['CCMSLIB00000085131' 'CCMSLIB00000085137' 'CCMSLIB00000085178'  'CCMSLIB00000085190' 'CCMSLIB00000085335' 'CCMSLIB00000085557'  'CCMSLIB00000085643' 'CCMSLIB00000085793' 'CCMSLIB00000085867'  'CCMSLIB00000085939' 'CCMSLIB00000086051'],11,19,0.1154992789869886,2,0,2,268.105,104.07,70,0.0,-1.0,0.0
CCMSLIB00000085210,CCMSLIB00000084772,1.0,1.0,0.425898082827125,1.0,['CCMSLIB00000084903' 'CCMSLIB00000085737' 'CCMSLIB00000086094'],3,32,0.7383398345975346,56,15,41,453.208,42.01399999999995,100,0.4666666666666667,2.0,0.0635610766069589
CCMSLIB00000085500,CCMSLIB00000084826,0.0,0.7272727272727273,0.7692307604060175,0.9130434782608696,['CCMSLIB00000084845' 'CCMSLIB00000085881' 'CCMSLIB00000084784'  'CCMSLIB00000084981' 'CCMSLIB00000085060' 'CCMSLIB00000085120'],6,24,0.9348783741461794,57,31,26,331.233,14.012999999999977,99,0.6774193548387096,4.333333333333333,0.5382742152245326
CCMSLIB00000086041,CCMSLIB00000085960,0.0,0.3333333333333333,0.3136882347140106,0.68,['CCMSLIB00000085174'],1,26,0.5046512930067121,56,5,51,361.207,14.006000000000029,100,0.4,6.0,0.032306965878571
CCMSLIB00000085801,CCMSLIB00000085645,0.0,0.3333333333333333,0.3707327918168147,0.0769230769230769,[],0,14,0.7759759101108998,10,8,2,197.154,14.016999999999996,14,0.875,9.857142857142858,1.0107788500633628
CCMSLIB00000085263,CCMSLIB00000085040,0.0,0.75,0.8025993388667587,0.7916666666666666,['CCMSLIB00000085114' 'CCMSLIB00000085319' 'CCMSLIB00000084937'  'CCMSLIB00000085054' 'CCMSLIB00000085856' 'CCMSLIB00000085976'],6,25,0.7436782952374805,50,1,49,347.218,86.03999999999996,100,0.0,-1.0,0.0
CCMSLIB00000085054,CCMSLIB00000085985,0.0,0.5833333333333334,0.5778622052218121,0.96,['CCMSLIB00000084784' 'CCMSLIB00000084981' 'CCMSLIB00000085060'  'CCMSLIB00000085263' 'CCMSLIB00000085040' 'CCMSLIB00000085212'  'CCMSLIB00000085697' 'CCMSLIB00000085856'],8,26,0.7828814770711712,62,10,52,363.215,42.01000000000005,100,0.7,1.8571428571428568,0.1392861064571627
CCMSLIB00000084853,CCMSLIB00000085292,0.0,0.4,0.1524719643543039,0.4375,['CCMSLIB00000085908' 'CCMSLIB00000085910'],2,17,0.4503489406215321,9,3,6,233.131,15.989000000000004,30,0.6666666666666666,1.5,0.0231049060186648
CCMSLIB00000086041,CCMSLIB00000085174,1.0,1.0,0.3955886741520067,1.0,['CCMSLIB00000085960'],1,26,0.8557393311929263,63,6,57,361.207,42.00600000000003,100,0.3333333333333333,1.5,0.0554517744447956
CCMSLIB00000084979,CCMSLIB00000085562,0.0,0.4444444444444444,0.0720487636377446,0.0,['CCMSLIB00000085131' 'CCMSLIB00000085137' 'CCMSLIB00000085178'  'CCMSLIB00000085190' 'CCMSLIB00000085335' 'CCMSLIB00000085557'  'CCMSLIB00000085643' 'CCMSLIB00000085793' 'CCMSLIB00000085867'  'CCMSLIB00000085939' 'CCMSLIB00000086051'],11,19,0.1226844747969406,2,1,1,268.103,104.072,47,0.0,-1.0,0.0
CCMSLIB00000085976,CCMSLIB00000085985,0.0,0.5833333333333334,0.5783644573267435,0.96,['CCMSLIB00000084784' 'CCMSLIB00000084981' 'CCMSLIB00000085060'  'CCMSLIB00000085263' 'CCMSLIB00000085040' 'CCMSLIB00000085212'  'CCMSLIB00000085697' 'CCMSLIB00000085856'],8,26,0.799889476311437,60,9,51,363.214,42.01100000000002,99,0.6666666666666666,1.6666666666666667,0.1196429504334375
CCMSLIB00000085114,CCMSLIB00000085263,0.0,0.5,0.6660554287025193,0.8695652173913043,['CCMSLIB00000084845' 'CCMSLIB00000085881' 'CCMSLIB00000085038'],3,24,0.3207028263140994,40,5,35,331.229,15.989000000000033,89,0.4,1.0,0.0
CCMSLIB00000085562,CCMSLIB00000085178,0.0,0.6,0.5134171570634869,0.3846153846153846,['CCMSLIB00000084979' 'CCMSLIB00000085225' 'CCMSLIB00000085412'  'CCMSLIB00000085793'],4,27,0.6307115838295384,3,2,1,372.175,14.009999999999993,10,1.0,1.0,0.0
CCMSLIB00000085282,CCMSLIB00000085599,0.0,0.0,0.0,0.0,['CCMSLIB00000084738' 'CCMSLIB00000085275' 'CCMSLIB00000085276'  'CCMSLIB00000086044'],4,13,0.0,0,0,0,181.069,42.054,14,0.0,-1.0,0.0
CCMSLIB00000084950,CCMSLIB00000085212,0.3333333333333333,1.0,0.7009051464305434,1.0,['CCMSLIB00000084784' 'CCMSLIB00000085054' 'CCMSLIB00000085976'  'CCMSLIB00000085697'],4,29,0.7796214810832512,62,1,61,405.228,58.00299999999999,100,1.0,2.0,0.0554517744447956
CCMSLIB00000084766,CCMSLIB00000085336,0.1428571428571428,1.0,0.6749713138369722,0.7857142857142857,[],0,29,0.9535939114425628,5,2,3,511.062,33.948999999999955,12,1.0,2.0,0.1060856947158021
CCMSLIB00000085725,CCMSLIB00000085028,0.0,0.0,0.0,0.0,[],0,12,0.0,0,0,0,159.093,14.01400000000001,9,0.0,-1.0,0.0
CCMSLIB00000085776,CCMSLIB00000085431,0.0,0.6666666666666666,0.6731927091064602,0.9629629629629628,['CCMSLIB00000085331' 'CCMSLIB00000085116'],2,28,0.85565479682505,67,7,60,393.211,42.00999999999999,100,0.7142857142857143,3.4,0.1238940048132542
CCMSLIB00000085174,CCMSLIB00000086103,0.0,0.6428571428571429,0.4290388538167841,0.1071428571428571,['CCMSLIB00000086041' 'CCMSLIB00000085437'],2,29,0.7660460192744845,59,1,58,403.213,17.996999999999957,100,1.0,5.0,0.0623155364683909
CCMSLIB00000085054,CCMSLIB00000085329,1.0,1.0,0.6054098068440121,1.0,['CCMSLIB00000084784' 'CCMSLIB00000084981' 'CCMSLIB00000085060'  'CCMSLIB00000085263' 'CCMSLIB00000085040' 'CCMSLIB00000085212'  'CCMSLIB00000085697' 'CCMSLIB00000085856'],8,26,0.7347569471424038,56,7,49,363.215,42.00500000000005,100,0.5714285714285714,1.25,0.0485203026391961
CCMSLIB00000085276,CCMSLIB00000085717,1.0,1.0,0.6336332694605891,1.0,['CCMSLIB00000084951' 'CCMSLIB00000085282' 'CCMSLIB00000084738'  'CCMSLIB00000085275' 'CCMSLIB00000085915'],5,14,0.0168937590823658,4,1,3,195.085,84.06300000000002,72,0.0,-1.0,0.0
CCMSLIB00000084845,CCMSLIB00000085038,1.0,1.0,0.6682419656580715,1.0,['CCMSLIB00000085114' 'CCMSLIB00000085120' 'CCMSLIB00000085319'  'CCMSLIB00000085500'],4,23,0.215387961397927,48,3,45,315.236,58.00100000000003,97,1.0,6.333333333333333,0.0915396132550149
CCMSLIB00000084784,CCMSLIB00000085697,0.0,0.4545454545454545,0.7174863333150928,0.9166666666666666,['CCMSLIB00000085319' 'CCMSLIB00000085500' 'CCMSLIB00000084950'  'CCMSLIB00000085054' 'CCMSLIB00000085212' 'CCMSLIB00000085329'  'CCMSLIB00000085976' 'CCMSLIB00000085985'],8,25,0.3776793487381144,44,1,43,347.224,142.103,99,0.0,-1.0,0.0
CCMSLIB00000085319,CCMSLIB00000085491,0.0,0.5454545454545454,0.4699166779709148,0.0869565217391304,['CCMSLIB00000084845' 'CCMSLIB00000085881' 'CCMSLIB00000084784'  'CCMSLIB00000085263'],4,24,0.5729668563699316,50,1,49,331.221,14.02800000000002,99,1.0,2.0,0.0070014866723226
CCMSLIB00000086105,CCMSLIB00000085535,0.0,0.9166666666666666,0.5897215610437814,0.9166666666666666,[],0,25,0.8986344163932258,10,1,9,357.102,15.995000000000005,24,1.0,14.0,0.0801755803197336
CCMSLIB00000085225,CCMSLIB00000085131,0.0,0.8888888888888888,0.6437532361010896,0.5,['CCMSLIB00000085137' 'CCMSLIB00000085178' 'CCMSLIB00000085190'  'CCMSLIB00000085335' 'CCMSLIB00000085557' 'CCMSLIB00000085562'  'CCMSLIB00000085643' 'CCMSLIB00000085793' 'CCMSLIB00000085867'  'CCMSLIB00000085939' 'CCMSLIB00000086051'],11,19,0.9671398999991826,2,2,0,268.103,76.03499999999997,55,1.0,1.5,0.0126026760101808
CCMSLIB00000085599,CCMSLIB00000085343,0.0,0.0,0.0,0.0,['CCMSLIB00000085282'],1,16,0.0,0,0,0,223.123,44.01800000000003,69,0.0,-1.0,0.0
CCMSLIB00000085329,CCMSLIB00000085212,0.0,0.8571428571428571,0.6986453298754326,0.9642857142857144,['CCMSLIB00000084784' 'CCMSLIB00000085054' 'CCMSLIB00000085976'  'CCMSLIB00000085697'],4,29,0.7357384428404249,56,0,56,405.22,58.01099999999997,100,0.0,-1.0,0.0
CCMSLIB00000085500,CCMSLIB00000085120,1.0,1.0,0.75985664573985,1.0,['CCMSLIB00000084845' 'CCMSLIB00000085881' 'CCMSLIB00000084784'  'CCMSLIB00000084826' 'CCMSLIB00000084981' 'CCMSLIB00000085060'],6,24,0.7612111077095242,58,2,56,331.233,98.07099999999996,99,0.0,-1.0,0.0
CCMSLIB00000085225,CCMSLIB00000085867,0.0,0.5555555555555556,0.4493290360098472,0.0,['CCMSLIB00000085131' 'CCMSLIB00000085137' 'CCMSLIB00000085190'  'CCMSLIB00000085335' 'CCMSLIB00000085557' 'CCMSLIB00000085562'  'CCMSLIB00000085643' 'CCMSLIB00000085793' 'CCMSLIB00000085939'  'CCMSLIB00000086051'],10,19,0.7293696088815588,3,2,1,268.103,118.08299999999996,55,0.5,1.0,0.0
CCMSLIB00000085412,CCMSLIB00000085137,0.0,0.6666666666666666,0.3456669709046787,0.2777777777777778,['CCMSLIB00000085131' 'CCMSLIB00000085178' 'CCMSLIB00000085335'  'CCMSLIB00000085557' 'CCMSLIB00000085562' 'CCMSLIB00000085643'  'CCMSLIB00000085793' 'CCMSLIB00000085867' 'CCMSLIB00000085939'  'CCMSLIB00000086051'],10,19,0.0006505761873181,2,2,0,268.105,17.990999999999985,70,0.5,2.0,0.0099021025794277
CCMSLIB00000085412,CCMSLIB00000085190,0.1,1.0,0.6986198683033106,0.7777777777777778,['CCMSLIB00000085131' 'CCMSLIB00000085178' 'CCMSLIB00000085335'  'CCMSLIB00000085557' 'CCMSLIB00000085562' 'CCMSLIB00000085643'  'CCMSLIB00000085793' 'CCMSLIB00000085867' 'CCMSLIB00000085939'  'CCMSLIB00000086051'],10,19,0.8792595875811713,2,2,0,268.105,17.988999999999976,70,0.5,1.0,0.0
CCMSLIB00000085225,CCMSLIB00000085190,0.0,0.5555555555555556,0.4493290360098472,0.7222222222222222,['CCMSLIB00000085131' 'CCMSLIB00000085178' 'CCMSLIB00000085335'  'CCMSLIB00000085557' 'CCMSLIB00000085562' 'CCMSLIB00000085643'  'CCMSLIB00000085793' 'CCMSLIB00000085867' 'CCMSLIB00000085939'  'CCMSLIB00000086051'],10,19,0.869969259439828,2,1,1,268.103,17.990999999999985,55,1.0,1.0,0.0
CCMSLIB00000085306,CCMSLIB00000084933,0.0,0.3076923076923077,0.3102969049937151,0.2962962962962963,[],0,28,0.4162506051408745,41,6,35,391.242,14.024,82,0.6666666666666666,4.75,0.1157094099600263
CCMSLIB00000084979,CCMSLIB00000085557,0.0,0.5555555555555556,0.1097767908749548,0.0,['CCMSLIB00000085131' 'CCMSLIB00000085137' 'CCMSLIB00000085178'  'CCMSLIB00000085190' 'CCMSLIB00000085335' 'CCMSLIB00000085562'  'CCMSLIB00000085643' 'CCMSLIB00000085793' 'CCMSLIB00000085867'  'CCMSLIB00000085939' 'CCMSLIB00000086051'],11,19,0.0106300734857396,2,1,1,268.103,80.03399999999999,47,0.0,-1.0,0.0
CCMSLIB00000085412,CCMSLIB00000085131,0.0,0.8888888888888888,0.661602698140073,0.5555555555555556,['CCMSLIB00000085137' 'CCMSLIB00000085178' 'CCMSLIB00000085190'  'CCMSLIB00000085335' 'CCMSLIB00000085557' 'CCMSLIB00000085562'  'CCMSLIB00000085643' 'CCMSLIB00000085793' 'CCMSLIB00000085867'  'CCMSLIB00000085939' 'CCMSLIB00000086051'],11,19,0.9669737601229148,3,3,0,268.105,76.03299999999996,70,1.0,2.333333333333333,0.0302646934647728
CCMSLIB00000085908,CCMSLIB00000084853,1.0,1.0,0.5766951150942329,1.0,[],0,16,0.5784925472186665,10,3,7,219.113,14.018,82,1.0,3.333333333333333,0.0491104908163602
CCMSLIB00000085412,CCMSLIB00000085939,0.0,0.4444444444444444,0.0762428530568964,0.0,['CCMSLIB00000085131' 'CCMSLIB00000085137' 'CCMSLIB00000085178'  'CCMSLIB00000085190' 'CCMSLIB00000085557' 'CCMSLIB00000085562'  'CCMSLIB00000085643' 'CCMSLIB00000085793' 'CCMSLIB00000085867'  'CCMSLIB00000086051'],10,19,0.7852592328806173,2,0,2,268.105,68.05899999999997,70,0.0,-1.0,0.0
CCMSLIB00000085054,CCMSLIB00000085212,1.0,1.0,0.623502852353963,1.0,['CCMSLIB00000084784' 'CCMSLIB00000084981' 'CCMSLIB00000085060'  'CCMSLIB00000085263' 'CCMSLIB00000084950' 'CCMSLIB00000085040'  'CCMSLIB00000085329' 'CCMSLIB00000085697' 'CCMSLIB00000085856'  'CCMSLIB00000085985'],10,26,0.6666998076602184,57,0,57,363.215,100.01600000000002,100,0.0,-1.0,0.0
CCMSLIB00000085123,CCMSLIB00000085746,0.3333333333333333,1.0,0.6363979268635059,1.0,[],0,16,0.2603903176262094,2,0,2,226.094,99.06900000000002,30,0.0,-1.0,0.0
CCMSLIB00000085562,CCMSLIB00000085867,0.0,0.6,0.5134171570634869,0.3846153846153846,['CCMSLIB00000084979' 'CCMSLIB00000085225' 'CCMSLIB00000085412'  'CCMSLIB00000085793'],4,27,0.6846465945052356,3,2,1,372.175,14.010999999999967,10,1.0,1.0,0.0
CCMSLIB00000084746,CCMSLIB00000084790,0.0714285714285714,1.0,0.4087546718528486,0.5,[],0,17,0.1031791044997748,6,4,2,249.071,42.01000000000002,63,0.75,2.0,0.2310490601866484
CCMSLIB00000085114,CCMSLIB00000085038,0.0,0.0,0.5435845920243632,0.9565217391304348,['CCMSLIB00000084845' 'CCMSLIB00000085881' 'CCMSLIB00000084981'  'CCMSLIB00000085060' 'CCMSLIB00000085263'],5,24,0.2628201350614597,46,2,44,331.229,42.00800000000004,89,1.0,2.5,0.1188837952648644
CCMSLIB00000085225,CCMSLIB00000085557,0.0,0.5555555555555556,0.1097767908749548,0.0,['CCMSLIB00000085131' 'CCMSLIB00000085137' 'CCMSLIB00000085178'  'CCMSLIB00000085190' 'CCMSLIB00000085335' 'CCMSLIB00000085562'  'CCMSLIB00000085643' 'CCMSLIB00000085793' 'CCMSLIB00000085867'  'CCMSLIB00000085939' 'CCMSLIB00000086051'],11,19,0.0049892607857014,2,1,1,268.103,80.03399999999999,55,0.0,-1.0,0.0
CCMSLIB00000085854,CCMSLIB00000085240,0.0,0.9,0.7541705768479903,0.8095238095238095,[],0,22,0.973870715645188,17,8,9,338.03,33.95600000000002,79,0.75,4.166666666666667,0.0854411290818597
CCMSLIB00000084991,CCMSLIB00000086051,0.0,0.5555555555555556,0.7154678209418883,0.6666666666666666,[],0,19,0.0086407288148745,4,1,3,286.07,16.001000000000033,79,1.0,1.0,0.0
CCMSLIB00000085562,CCMSLIB00000085793,0.125,1.0,0.832176108529697,0.8846153846153846,['CCMSLIB00000084979' 'CCMSLIB00000085225' 'CCMSLIB00000085412'  'CCMSLIB00000085178' 'CCMSLIB00000085867'],5,27,0.7757994811000724,4,2,2,372.175,15.005999999999972,10,1.0,1.0,0.0
CCMSLIB00000085412,CCMSLIB00000085178,0.0,0.4444444444444444,0.0762428530568964,0.0,['CCMSLIB00000085131' 'CCMSLIB00000085137' 'CCMSLIB00000085190'  'CCMSLIB00000085335' 'CCMSLIB00000085557' 'CCMSLIB00000085562'  'CCMSLIB00000085643' 'CCMSLIB00000085793' 'CCMSLIB00000085939'  'CCMSLIB00000086051'],10,19,0.7357478632532325,3,1,2,268.105,118.07999999999998,70,0.0,-1.0,0.0
CCMSLIB00000085412,CCMSLIB00000085335,0.0,0.4444444444444444,0.0762428530568964,0.0,['CCMSLIB00000085131' 'CCMSLIB00000085137' 'CCMSLIB00000085178'  'CCMSLIB00000085190' 'CCMSLIB00000085557' 'CCMSLIB00000085562'  'CCMSLIB00000085643' 'CCMSLIB00000085793' 'CCMSLIB00000085867'  'CCMSLIB00000086051'],10,19,0.8231350890648768,2,0,2,268.105,68.05699999999996,70,0.0,-1.0,0.0
CCMSLIB00000085881,CCMSLIB00000085120,0.0,0.8181818181818182,0.7389566231453877,0.5,['CCMSLIB00000085038' 'CCMSLIB00000085114' 'CCMSLIB00000085319'  'CCMSLIB00000085500'],4,23,0.6808098060490866,38,1,37,315.234,114.07,72,0.0,-1.0,0.0
CCMSLIB00000084784,CCMSLIB00000085054,1.0,1.0,0.6293977380094734,1.0,['CCMSLIB00000085319' 'CCMSLIB00000085500' 'CCMSLIB00000084950'  'CCMSLIB00000085212' 'CCMSLIB00000085329' 'CCMSLIB00000085697'  'CCMSLIB00000085985'],7,25,0.5726968513998758,45,15,30,347.224,15.990999999999984,99,0.6666666666666666,2.1,0.3218104478614301
CCMSLIB00000085412,CCMSLIB00000086051,0.0,0.0,0.0,0.0,['CCMSLIB00000085131' 'CCMSLIB00000085137' 'CCMSLIB00000085178'  'CCMSLIB00000085190' 'CCMSLIB00000085335' 'CCMSLIB00000085557'  'CCMSLIB00000085562' 'CCMSLIB00000085643' 'CCMSLIB00000085793'  'CCMSLIB00000085867' 'CCMSLIB00000085939'],11,19,0.0,0,0,0,268.105,33.96600000000001,70,0.0,-1.0,0.0
CCMSLIB00000085225,CCMSLIB00000085335,0.0,0.4444444444444444,0.0762428530568964,0.0,['CCMSLIB00000085131' 'CCMSLIB00000085137' 'CCMSLIB00000085178'  'CCMSLIB00000085190' 'CCMSLIB00000085557' 'CCMSLIB00000085562'  'CCMSLIB00000085643' 'CCMSLIB00000085793' 'CCMSLIB00000085867'  'CCMSLIB00000086051'],10,19,0.822802201571672,2,0,2,268.103,68.05899999999997,55,0.0,-1.0,0.0
CCMSLIB00000085985,CCMSLIB00000085697,0.0,0.8571428571428571,0.7045140163890482,0.9642857142857144,['CCMSLIB00000084784' 'CCMSLIB00000085054' 'CCMSLIB00000085976'  'CCMSLIB00000085212'],4,29,0.5685992096921834,60,0,60,405.225,84.10199999999998,100,0.0,-1.0,0.0
CCMSLIB00000084979,CCMSLIB00000085867,0.0,0.5555555555555556,0.4493290360098472,0.0,['CCMSLIB00000085131' 'CCMSLIB00000085137' 'CCMSLIB00000085190'  'CCMSLIB00000085335' 'CCMSLIB00000085557' 'CCMSLIB00000085562'  'CCMSLIB00000085643' 'CCMSLIB00000085793' 'CCMSLIB00000085939'  'CCMSLIB00000086051'],10,19,0.708354378678362,3,2,1,268.103,118.08299999999996,47,0.5,1.0,0.0
CCMSLIB00000085412,CCMSLIB00000085643,0.3333333333333333,1.0,0.5790740061667174,1.0,['CCMSLIB00000085131' 'CCMSLIB00000085137' 'CCMSLIB00000085178'  'CCMSLIB00000085190' 'CCMSLIB00000085335' 'CCMSLIB00000085557'  'CCMSLIB00000085562' 'CCMSLIB00000085793' 'CCMSLIB00000085867'  'CCMSLIB00000085939' 'CCMSLIB00000086051'],11,19,0.8041567394279368,3,2,1,268.105,91.046,70,0.5,1.0,0.0
CCMSLIB00000085331,CCMSLIB00000085776,0.0,0.75,0.7682915926228914,0.7692307692307693,[],0,27,0.808113896800278,55,2,53,377.206,16.004999999999995,100,1.0,4.0,0.0905000034813355
CCMSLIB00000084845,CCMSLIB00000085114,0.0,0.6363636363636364,0.6308819282722814,0.7727272727272727,['CCMSLIB00000085038' 'CCMSLIB00000085120'],2,23,0.7461914660549804,39,8,31,315.236,15.992999999999997,97,0.5,1.75,0.0662038628372501
CCMSLIB00000086028,CCMSLIB00000085673,0.0,0.8181818181818182,0.7488763316055538,0.8571428571428571,[],0,22,0.6989549250496736,39,32,7,295.185,30.00999999999999,90,0.96875,2.290322580645161,0.2761339303350659
CCMSLIB00000084981,CCMSLIB00000085485,0.0,0.75,0.6484718778199102,0.625,['CCMSLIB00000085114' 'CCMSLIB00000085500' 'CCMSLIB00000085054'  'CCMSLIB00000085976'],4,25,0.2321136019638502,35,7,28,347.221,13.98599999999999,90,1.0,3.7142857142857135,0.1836017939425268
CCMSLIB00000085862,CCMSLIB00000085197,0.25,1.0,0.7414135030251335,1.0,[],0,22,0.7647878921473815,46,29,17,295.183,30.00799999999998,73,0.9655172413793104,2.4285714285714284,0.4040793107869013
CCMSLIB00000085976,CCMSLIB00000085040,0.0,0.6666666666666666,0.7230127203482163,0.96,['CCMSLIB00000084784' 'CCMSLIB00000084981' 'CCMSLIB00000085060'  'CCMSLIB00000085263' 'CCMSLIB00000084950' 'CCMSLIB00000085212'  'CCMSLIB00000085329' 'CCMSLIB00000085697' 'CCMSLIB00000085856'  'CCMSLIB00000085985'],10,26,0.8280550891348317,54,6,48,363.214,70.04399999999998,99,0.3333333333333333,2.5,0.028051573064302
CCMSLIB00000085865,CCMSLIB00000085116,0.0,0.4166666666666667,0.3835728049302339,0.3333333333333333,['CCMSLIB00000085331' 'CCMSLIB00000085431'],2,28,0.5444525519889285,44,5,39,393.211,17.988999999999976,100,1.0,4.8,0.1625147704126537
CCMSLIB00000085225,CCMSLIB00000085137,0.0,0.0,0.0,0.0,['CCMSLIB00000085131' 'CCMSLIB00000085178' 'CCMSLIB00000085335'  'CCMSLIB00000085557' 'CCMSLIB00000085562' 'CCMSLIB00000085643'  'CCMSLIB00000085793' 'CCMSLIB00000085867' 'CCMSLIB00000085939'  'CCMSLIB00000086051'],10,19,0.0,0,0,0,268.103,17.992999999999995,55,0.0,-1.0,0.0
CCMSLIB00000085776,CCMSLIB00000085116,0.0,0.5,0.385179826605201,0.3333333333333333,['CCMSLIB00000085331' 'CCMSLIB00000085431'],2,28,0.5205036688556954,44,5,39,393.211,17.988999999999976,100,1.0,5.4,0.1413268280738056
CCMSLIB00000085054,CCMSLIB00000085856,0.0,0.6666666666666666,0.7342134329043415,0.96,['CCMSLIB00000084784' 'CCMSLIB00000084981' 'CCMSLIB00000085060'  'CCMSLIB00000085263' 'CCMSLIB00000084950' 'CCMSLIB00000085040'  'CCMSLIB00000085212' 'CCMSLIB00000085329' 'CCMSLIB00000085697'  'CCMSLIB00000085985'],10,26,0.7041837395664845,57,5,52,363.215,84.06400000000002,100,0.0,-1.0,0.0
CCMSLIB00000084979,CCMSLIB00000085137,0.0,0.0,0.0,0.0,['CCMSLIB00000085131' 'CCMSLIB00000085178' 'CCMSLIB00000085335'  'CCMSLIB00000085557' 'CCMSLIB00000085562' 'CCMSLIB00000085643'  'CCMSLIB00000085793' 'CCMSLIB00000085867' 'CCMSLIB00000085939'  'CCMSLIB00000086051'],10,19,0.0,0,0,0,268.103,17.992999999999995,47,0.0,-1.0,0.0
CCMSLIB00000085881,CCMSLIB00000085319,0.0,0.5454545454545454,0.6666157429285341,0.5454545454545454,['CCMSLIB00000085038' 'CCMSLIB00000085120'],2,23,0.3831495562843309,40,4,36,315.234,15.987000000000023,72,0.0,-1.0,0.0
CCMSLIB00000085060,CCMSLIB00000085485,0.0,0.5,0.6227133719574456,0.9166666666666666,['CCMSLIB00000085114' 'CCMSLIB00000085500' 'CCMSLIB00000085054'  'CCMSLIB00000085976'],4,25,0.2510370353495392,47,16,31,347.22,13.986999999999966,98,0.75,15.083333333333334,0.3938657201565533
CCMSLIB00000084979,CCMSLIB00000085793,0.0,0.4444444444444444,0.0720487636377446,0.0,['CCMSLIB00000085131' 'CCMSLIB00000085137' 'CCMSLIB00000085178'  'CCMSLIB00000085190' 'CCMSLIB00000085335' 'CCMSLIB00000085557'  'CCMSLIB00000085562' 'CCMSLIB00000085643' 'CCMSLIB00000085867'  'CCMSLIB00000085939' 'CCMSLIB00000086051'],11,19,0.06823002482887,2,1,1,268.103,119.07799999999996,47,0.0,-1.0,0.0
CCMSLIB00000085040,CCMSLIB00000085856,0.5,1.0,0.5285905762890476,1.0,['CCMSLIB00000085054' 'CCMSLIB00000085263' 'CCMSLIB00000085976'],3,31,0.8307908967616278,62,9,53,433.258,14.021000000000017,100,0.4444444444444444,2.0,0.0665282375539991
CCMSLIB00000085239,CCMSLIB00000085789,1.0,1.0,0.3989377604613423,1.0,['CCMSLIB00000084736' 'CCMSLIB00000085088' 'CCMSLIB00000085097'],3,22,0.8610325802616053,69,3,66,299.199,42.01599999999996,98,1.0,4.333333333333333,0.0643580192878197
CCMSLIB00000084845,CCMSLIB00000085500,1.0,1.0,0.7903215958851487,1.0,['CCMSLIB00000085038' 'CCMSLIB00000085120'],2,23,0.2612783509555345,56,12,44,315.236,15.997000000000014,97,0.6666666666666666,2.0,0.2663341521857509
CCMSLIB00000084784,CCMSLIB00000084950,0.0,0.4545454545454545,0.7190917757814166,0.9583333333333334,['CCMSLIB00000085319' 'CCMSLIB00000085500' 'CCMSLIB00000085054'  'CCMSLIB00000085212' 'CCMSLIB00000085697' 'CCMSLIB00000085976'],6,25,0.6399728222679288,48,3,45,347.224,58.00400000000002,99,1.0,13.333333333333334,0.054102793470202
CCMSLIB00000086103,CCMSLIB00000085431,0.0,0.6428571428571429,0.6646992420512412,0.6206896551724138,['CCMSLIB00000085174'],1,30,0.8897048160641509,70,27,43,421.21,14.011000000000024,100,0.4074074074074074,8.0,0.3123514740432479
CCMSLIB00000084981,CCMSLIB00000085054,0.0,0.8333333333333334,0.8467209225975977,0.9166666666666666,['CCMSLIB00000085114' 'CCMSLIB00000085500' 'CCMSLIB00000085485'],3,25,0.3863930005312673,36,17,19,347.221,15.993999999999971,90,0.6470588235294118,4.636363636363637,0.2899002288160703
CCMSLIB00000085049,CCMSLIB00000085806,0.0,0.0,0.6030511653712901,0.8695652173913043,['CCMSLIB00000086178'],1,24,0.4992250932762899,48,4,44,333.241,58.012,100,1.0,3.25,0.0862814961861328
CCMSLIB00000085263,CCMSLIB00000085976,0.0,0.75,0.7950240218804071,0.7083333333333334,['CCMSLIB00000085114' 'CCMSLIB00000085319' 'CCMSLIB00000084937'  'CCMSLIB00000085040' 'CCMSLIB00000085856'],5,25,0.7798970789213093,55,9,46,347.218,15.99599999999998,100,0.3333333333333333,1.0,0.0
CCMSLIB00000084872,CCMSLIB00000085327,0.0909090909090909,1.0,0.6698270345497552,0.9,[],0,21,0.9879425246844457,4,0,4,294.21,14.008000000000038,7,0.0,-1.0,0.0
CCMSLIB00000085263,CCMSLIB00000084937,0.0,0.6666666666666666,0.7300089768340191,0.875,['CCMSLIB00000085114' 'CCMSLIB00000085319' 'CCMSLIB00000085040'  'CCMSLIB00000085054' 'CCMSLIB00000085856' 'CCMSLIB00000085976'],6,25,0.5572068354147662,45,10,35,347.218,13.984999999999957,100,0.5,7.4,0.120570605386572
CCMSLIB00000085737,CCMSLIB00000085210,0.0,0.3333333333333333,0.3637167938041761,0.4,[],0,31,0.5972229686370407,53,6,47,435.222,17.986000000000047,100,1.0,2.833333333333333,0.0887001606862003
CCMSLIB00000085800,CCMSLIB00000084906,0.0,0.6666666666666666,0.1533171790544556,0.0,[],0,13,0.0052467920103557,2,0,2,186.089,33.96100000000001,59,0.0,-1.0,0.0
CCMSLIB00000085263,CCMSLIB00000085856,0.0,0.75,0.801412534981467,0.7916666666666666,['CCMSLIB00000085114' 'CCMSLIB00000085319' 'CCMSLIB00000084937'  'CCMSLIB00000085040' 'CCMSLIB00000085054' 'CCMSLIB00000085976'],6,25,0.6972230939043039,50,1,49,347.218,100.06099999999998,100,1.0,3.0,0.0636514168294812
CCMSLIB00000085724,CCMSLIB00000085497,0.0,0.4615384615384615,0.5016684535728185,0.8076923076923077,[],0,27,0.4821538293599972,52,12,40,375.257,15.997000000000014,100,0.75,2.7777777777777777,0.1303986432111182
CCMSLIB00000085976,CCMSLIB00000085329,1.0,1.0,0.6033615809472964,1.0,['CCMSLIB00000084784' 'CCMSLIB00000084981' 'CCMSLIB00000085060'  'CCMSLIB00000085263' 'CCMSLIB00000085040' 'CCMSLIB00000085212'  'CCMSLIB00000085697' 'CCMSLIB00000085856'],8,26,0.7369638607886144,55,7,48,363.214,42.00600000000003,99,0.5714285714285714,1.25,0.0490104067062587
CCMSLIB00000085331,CCMSLIB00000085865,0.0,0.75,0.777937901995092,0.8076923076923077,[],0,27,0.7780755710468281,51,4,47,377.206,16.004999999999995,100,1.0,17.25,0.1284180524111954
CCMSLIB00000084951,CCMSLIB00000085276,0.0,0.6666666666666666,0.6320615697947627,0.75,[],0,13,0.0297128931844942,1,0,1,181.072,14.013000000000003,18,0.0,-1.0,0.0
CCMSLIB00000085976,CCMSLIB00000085212,1.0,1.0,0.6308382170127128,1.0,['CCMSLIB00000084784' 'CCMSLIB00000084981' 'CCMSLIB00000085060'  'CCMSLIB00000085263' 'CCMSLIB00000084950' 'CCMSLIB00000085040'  'CCMSLIB00000085329' 'CCMSLIB00000085697' 'CCMSLIB00000085856'  'CCMSLIB00000085985'],10,26,0.6278481906571208,52,0,52,363.214,100.017,99,0.0,-1.0,0.0
CCMSLIB00000085282,CCMSLIB00000085275,0.0,0.0,0.0,0.0,['CCMSLIB00000084738' 'CCMSLIB00000085276' 'CCMSLIB00000085599'  'CCMSLIB00000086044'],4,13,0.6626900642509138,2,0,2,181.069,56.06300000000002,14,0.0,-1.0,0.0
CCMSLIB00000084826,CCMSLIB00000084833,1.0,1.0,0.5153391780413578,1.0,['CCMSLIB00000085500'],1,25,0.8672572422544509,55,3,52,345.246,42.01100000000002,98,1.0,2.0,0.1291846869413548
CCMSLIB00000085225,CCMSLIB00000085939,0.0,0.4444444444444444,0.0762428530568964,0.0,['CCMSLIB00000085131' 'CCMSLIB00000085137' 'CCMSLIB00000085178'  'CCMSLIB00000085190' 'CCMSLIB00000085557' 'CCMSLIB00000085562'  'CCMSLIB00000085643' 'CCMSLIB00000085793' 'CCMSLIB00000085867'  'CCMSLIB00000086051'],10,19,0.7833408211273294,2,0,2,268.103,68.06099999999998,55,0.0,-1.0,0.0
CCMSLIB00000085881,CCMSLIB00000085500,1.0,1.0,0.7982675055038126,1.0,['CCMSLIB00000085038' 'CCMSLIB00000085120'],2,23,0.2519715764203865,50,11,39,315.234,15.999000000000024,72,0.6363636363636364,2.142857142857143,0.3588112883613589
CCMSLIB00000085976,CCMSLIB00000085697,1.0,1.0,0.6258308658313785,1.0,['CCMSLIB00000084784' 'CCMSLIB00000084981' 'CCMSLIB00000085060'  'CCMSLIB00000085263' 'CCMSLIB00000084950' 'CCMSLIB00000085040'  'CCMSLIB00000085212' 'CCMSLIB00000085329' 'CCMSLIB00000085856'  'CCMSLIB00000085985'],10,26,0.3803359019635189,49,0,49,363.214,126.113,99,0.0,-1.0,0.0
CCMSLIB00000084845,CCMSLIB00000085120,0.0,0.8181818181818182,0.7583421626189071,0.7727272727272727,['CCMSLIB00000085038' 'CCMSLIB00000085114' 'CCMSLIB00000085319'  'CCMSLIB00000085500'],4,23,0.6786126337211292,45,1,44,315.236,114.06799999999998,97,0.0,-1.0,0.0
CCMSLIB00000084979,CCMSLIB00000085939,0.0,0.4444444444444444,0.0762428530568964,0.0,['CCMSLIB00000085131' 'CCMSLIB00000085137' 'CCMSLIB00000085178'  'CCMSLIB00000085190' 'CCMSLIB00000085557' 'CCMSLIB00000085562'  'CCMSLIB00000085643' 'CCMSLIB00000085793' 'CCMSLIB00000085867'  'CCMSLIB00000086051'],10,19,0.7539124781085873,2,0,2,268.103,68.06099999999998,47,0.0,-1.0,0.0
CCMSLIB00000084979,CCMSLIB00000085190,0.1,1.0,0.6948137585029488,0.7777777777777778,['CCMSLIB00000085131' 'CCMSLIB00000085178' 'CCMSLIB00000085335'  'CCMSLIB00000085557' 'CCMSLIB00000085562' 'CCMSLIB00000085643'  'CCMSLIB00000085793' 'CCMSLIB00000085867' 'CCMSLIB00000085939'  'CCMSLIB00000086051'],10,19,0.8431397403931128,3,2,1,268.103,17.990999999999985,47,0.5,1.0,0.0
CCMSLIB00000085976,CCMSLIB00000084950,1.0,1.0,0.6146056257242581,1.0,['CCMSLIB00000084784' 'CCMSLIB00000084981' 'CCMSLIB00000085060'  'CCMSLIB00000085263' 'CCMSLIB00000085040' 'CCMSLIB00000085212'  'CCMSLIB00000085697' 'CCMSLIB00000085856'],8,26,0.7540546592910902,57,8,49,363.214,42.01400000000001,99,0.375,1.3333333333333333,0.0560118933785814
CCMSLIB00000085412,CCMSLIB00000085867,0.0,0.5555555555555556,0.4493290360098472,0.0,['CCMSLIB00000085131' 'CCMSLIB00000085137' 'CCMSLIB00000085190'  'CCMSLIB00000085335' 'CCMSLIB00000085557' 'CCMSLIB00000085562'  'CCMSLIB00000085643' 'CCMSLIB00000085793' 'CCMSLIB00000085939'  'CCMSLIB00000086051'],10,19,0.7402784781418129,4,3,1,268.105,118.08099999999996,70,0.3333333333333333,1.0,0.0
CCMSLIB00000085865,CCMSLIB00000085431,0.0,0.6666666666666666,0.6635297998054686,0.9629629629629628,['CCMSLIB00000085331' 'CCMSLIB00000085116'],2,28,0.8832141663836554,66,7,59,393.211,42.00999999999999,100,0.8571428571428571,5.166666666666667,0.2800032976543646
CCMSLIB00000085881,CCMSLIB00000085114,0.0,0.6363636363636364,0.6324401335780054,0.8181818181818182,['CCMSLIB00000085038' 'CCMSLIB00000085120'],2,23,0.7643977212340656,36,9,27,315.234,15.995000000000005,72,0.5555555555555556,2.2,0.1805541304700495
CCMSLIB00000085960,CCMSLIB00000085437,1.0,1.0,0.4238477883896084,1.0,['CCMSLIB00000086041'],1,27,0.91720849976096,66,2,64,375.213,42.017,100,0.5,2.0,0.0069314718055994
CCMSLIB00000085114,CCMSLIB00000084981,0.0,0.75,0.6568697362386064,0.0434782608695652,['CCMSLIB00000084845' 'CCMSLIB00000085881' 'CCMSLIB00000085038'],3,24,0.7544606891032257,39,7,32,331.229,15.99200000000002,89,0.5714285714285714,1.5,0.085669876248982
CCMSLIB00000085060,CCMSLIB00000085054,1.0,1.0,0.8261703379314166,1.0,['CCMSLIB00000085114' 'CCMSLIB00000085500' 'CCMSLIB00000085485'],3,25,0.4316530049722032,51,22,29,347.22,15.994999999999948,98,0.5454545454545454,6.583333333333333,0.354957648669072
CCMSLIB00000085526,CCMSLIB00000085535,0.0,0.9166666666666666,0.5897215610437814,0.9166666666666666,[],0,25,0.9019497448349773,10,1,9,357.103,15.993999999999971,27,1.0,14.0,0.0712671825064298
CCMSLIB00000084784,CCMSLIB00000085985,1.0,1.0,0.6914015338772584,1.0,['CCMSLIB00000085319' 'CCMSLIB00000085500' 'CCMSLIB00000085054'  'CCMSLIB00000085212' 'CCMSLIB00000085697' 'CCMSLIB00000085976'],6,25,0.6674982006610952,49,3,46,347.224,58.00100000000003,99,1.0,13.333333333333334,0.054102793470202
CCMSLIB00000085282,CCMSLIB00000085276,0.0,0.4,0.0755026710154229,0.25,['CCMSLIB00000084738' 'CCMSLIB00000085275' 'CCMSLIB00000085599'  'CCMSLIB00000086044'],4,13,0.0263778159044492,1,0,1,181.069,14.01600000000002,14,0.0,-1.0,0.0
CCMSLIB00000085276,CCMSLIB00000085915,0.0,0.5,0.1331757364607732,0.2307692307692307,['CCMSLIB00000084951' 'CCMSLIB00000085282' 'CCMSLIB00000084738'  'CCMSLIB00000085275' 'CCMSLIB00000085717'],5,14,0.002019239414488,2,1,1,195.085,24.002999999999982,72,1.0,3.0,0.0265214236789505
CCMSLIB00000085997,CCMSLIB00000085414,0.0,0.75,0.4506657053310843,0.0769230769230769,[],0,27,0.5792970381134303,60,29,31,371.224,14.01600000000002,100,0.4482758620689655,3.692307692307693,0.2421355207813404
CCMSLIB00000085225,CCMSLIB00000085793,0.1,1.0,0.6553030802669346,0.5,['CCMSLIB00000085131' 'CCMSLIB00000085137' 'CCMSLIB00000085178'  'CCMSLIB00000085190' 'CCMSLIB00000085335' 'CCMSLIB00000085557'  'CCMSLIB00000085562' 'CCMSLIB00000085643' 'CCMSLIB00000085867'  'CCMSLIB00000085939' 'CCMSLIB00000086051'],11,19,0.3116789540533555,2,2,0,268.103,119.07799999999996,55,0.5,1.0,0.0
CCMSLIB00000085225,CCMSLIB00000085562,0.0,0.4444444444444444,0.0720487636377446,0.0,['CCMSLIB00000085131' 'CCMSLIB00000085137' 'CCMSLIB00000085178'  'CCMSLIB00000085190' 'CCMSLIB00000085335' 'CCMSLIB00000085557'  'CCMSLIB00000085643' 'CCMSLIB00000085793' 'CCMSLIB00000085867'  'CCMSLIB00000085939' 'CCMSLIB00000086051'],11,19,0.1185326640345218,2,1,1,268.103,104.072,55,0.0,-1.0,0.0
CCMSLIB00000085114,CCMSLIB00000085060,0.0,0.75,0.7714761031090686,0.5652173913043478,['CCMSLIB00000084845' 'CCMSLIB00000085881' 'CCMSLIB00000085038'],3,24,0.8693903818368599,38,9,29,331.229,15.991000000000042,89,0.5555555555555556,1.2,0.0623053645447141
CCMSLIB00000085054,CCMSLIB00000084950,1.0,1.0,0.6067001468367166,1.0,['CCMSLIB00000084784' 'CCMSLIB00000084981' 'CCMSLIB00000085060'  'CCMSLIB00000085263' 'CCMSLIB00000085040' 'CCMSLIB00000085212'  'CCMSLIB00000085697' 'CCMSLIB00000085856'],8,26,0.7391029277722987,57,8,49,363.215,42.013000000000034,100,0.625,1.8,0.0832228317784546
CCMSLIB00000084962,CCMSLIB00000086037,0.0,0.4166666666666667,0.2057142610257098,0.7083333333333334,[],0,25,0.0022943317358479,2,0,2,358.084,58.01299999999998,13,0.0,-1.0,0.0
CCMSLIB00000085239,CCMSLIB00000085097,0.0,0.8181818181818182,0.7283138263033729,0.6666666666666666,['CCMSLIB00000085789'],1,22,0.7348417386809036,59,23,36,299.199,14.019000000000004,98,0.5652173913043478,4.846153846153846,0.3707022168221973
