id_bigger,id_smaller,num_modif_sites,weight_bigger,weight_smaller,difference,adduct,weight_threshold,difference_threshold_rate
CCMSLIB00000085867,CCMSLIB00000085412,1,386.186,268.105,118.08099999999996,M+H,2000,0.5
CCMSLIB00000085985,CCMSLIB00000084784,1,405.225,347.224,58.00100000000003,M+H,2000,0.5
CCMSLIB00000085453,CCMSLIB00000085444,1,319.085,241.172,77.91299999999998,M+H,2000,0.5
CCMSLIB00000085910,CCMSLIB00000084853,1,267.09,233.131,33.958999999999975,M+H,2000,0.5
CCMSLIB00000086018,CCMSLIB00000085361,1,304.191,290.17,14.020999999999958,M+H,2000,0.5
CCMSLIB00000085329,CCMSLIB00000085054,1,405.22,363.215,42.00500000000005,M+H,2000,0.5
CCMSLIB00000086014,CCMSLIB00000085474,1,330.13,296.169,33.96100000000001,M+H,2000,0.5
CCMSLIB00000085717,CCMSLIB00000085276,1,279.148,195.085,84.06300000000002,M+H,2000,0.5
CCMSLIB00000085343,CCMSLIB00000085599,1,267.141,223.123,44.01800000000003,M+H,2000,0.5
CCMSLIB00000086133,CCMSLIB00000086099,1,284.133,268.139,15.993999999999971,M+H,2000,0.5
CCMSLIB00000085976,CCMSLIB00000085263,1,363.214,347.218,15.995999999999981,M+H,2000,0.5
CCMSLIB00000085930,CCMSLIB00000084942,1,369.171,289.217,79.95400000000001,M+H,2000,0.5
CCMSLIB00000084813,CCMSLIB00000085485,1,403.215,361.207,42.00799999999998,M+H,2000,0.5
CCMSLIB00000085954,CCMSLIB00000085084,1,282.071,214.086,67.98500000000001,M+H,2000,0.5
CCMSLIB00000085562,CCMSLIB00000085225,1,372.175,268.103,104.072,M+H,2000,0.5
CCMSLIB00000085038,CCMSLIB00000084845,1,373.237,315.236,58.00100000000003,M+H,2000,0.5
CCMSLIB00000085462,CCMSLIB00000084817,1,285.189,271.172,14.016999999999996,M+H,2000,0.5
CCMSLIB00000085557,CCMSLIB00000085225,1,348.137,268.103,80.03399999999999,M+H,2000,0.5
CCMSLIB00000086162,CCMSLIB00000085560,1,289.232,275.219,14.013000000000034,M+H,2000,0.5
CCMSLIB00000085178,CCMSLIB00000085225,1,386.185,268.103,118.082,M+H,2000,0.5
CCMSLIB00000084748,CCMSLIB00000085565,1,285.078,269.086,15.991999999999962,M+H,2000,0.5
CCMSLIB00000084765,CCMSLIB00000085305,1,825.408,811.414,13.994000000000028,M+H,2000,0.5
CCMSLIB00000085137,CCMSLIB00000084979,1,286.096,268.103,17.992999999999995,M+H,2000,0.5
CCMSLIB00000085544,CCMSLIB00000085123,1,325.168,226.094,99.07400000000001,M+H,2000,0.5
CCMSLIB00000085985,CCMSLIB00000085976,1,405.225,363.214,42.011000000000024,M+H,2000,0.5
CCMSLIB00000085120,CCMSLIB00000085881,1,429.304,315.234,114.07,M+H,2000,0.5
CCMSLIB00000084933,CCMSLIB00000085306,1,405.266,391.242,14.024000000000001,M+H,2000,0.5
CCMSLIB00000085174,CCMSLIB00000086041,1,403.213,361.207,42.00600000000003,M+H,2000,0.5
CCMSLIB00000085414,CCMSLIB00000085997,1,385.24,371.224,14.01600000000002,M+H,2000,0.5
CCMSLIB00000084772,CCMSLIB00000085210,1,495.222,453.208,42.01399999999995,M+H,2000,0.5
CCMSLIB00000085547,CCMSLIB00000085928,1,215.075,191.07,24.004999999999995,M+H,2000,0.5
CCMSLIB00000085922,CCMSLIB00000085822,1,270.185,256.173,14.012,M+H,2000,0.5
CCMSLIB00000085514,CCMSLIB00000085541,1,654.24,576.33,77.90999999999997,M+H,2000,0.5
CCMSLIB00000085557,CCMSLIB00000085412,1,348.137,268.105,80.03199999999998,M+H,2000,0.5
CCMSLIB00000085562,CCMSLIB00000085412,1,372.175,268.105,104.07,M+H,2000,0.5
CCMSLIB00000085212,CCMSLIB00000085329,1,463.231,405.22,58.01099999999997,M+H,2000,0.5
CCMSLIB00000084981,CCMSLIB00000085500,1,347.221,331.233,15.988,M+H,2000,0.5
CCMSLIB00000085906,CCMSLIB00000086051,1,370.129,302.071,68.05799999999999,M+H,2000,0.5
CCMSLIB00000084957,CCMSLIB00000085648,1,354.208,340.192,14.01600000000002,M+H,2000,0.5
CCMSLIB00000085054,CCMSLIB00000084784,1,363.215,347.224,15.990999999999985,M+H,2000,0.5
CCMSLIB00000086176,CCMSLIB00000085862,1,325.195,295.183,30.012,M+H,2000,0.5
CCMSLIB00000085678,CCMSLIB00000085147,1,406.201,372.237,33.964,M+H,2000,0.5
CCMSLIB00000085969,CCMSLIB00000084817,1,351.122,271.172,79.94999999999999,M+H,2000,0.5
CCMSLIB00000085678,CCMSLIB00000085649,1,406.201,372.239,33.962000000000046,M+H,2000,0.5
CCMSLIB00000085485,CCMSLIB00000084981,1,361.207,347.221,13.98599999999999,M+H,2000,0.5
CCMSLIB00000086051,CCMSLIB00000084991,1,302.071,286.07,16.001000000000033,M+H,2000,0.5
CCMSLIB00000085335,CCMSLIB00000085412,1,336.162,268.105,68.05699999999996,M+H,2000,0.5
CCMSLIB00000086044,CCMSLIB00000085282,1,249.14,181.069,68.071,M+H,2000,0.5
CCMSLIB00000084932,CCMSLIB00000085905,1,338.179,280.172,58.00699999999995,M+H,2000,0.5
CCMSLIB00000084776,CCMSLIB00000086140,1,414.158,384.151,30.007000000000005,M+H,2000,0.5
CCMSLIB00000085079,CCMSLIB00000086106,1,275.131,241.175,33.95599999999996,M+H,2000,0.5
CCMSLIB00000085336,CCMSLIB00000084766,1,545.011,511.062,33.948999999999955,M+H,2000,0.5
CCMSLIB00000085546,CCMSLIB00000085859,1,414.165,384.149,30.01600000000002,M+H,2000,0.5
CCMSLIB00000086005,CCMSLIB00000085004,1,389.211,359.197,30.01400000000001,M+H,2000,0.5
CCMSLIB00000085275,CCMSLIB00000085282,1,237.132,181.069,56.06300000000002,M+H,2000,0.5
CCMSLIB00000085454,CCMSLIB00000085764,1,285.147,200.054,85.09299999999999,M+H,2000,0.5
CCMSLIB00000085565,CCMSLIB00000085703,1,269.086,255.067,14.019000000000005,M+H,2000,0.5
CCMSLIB00000085500,CCMSLIB00000084845,1,331.233,315.236,15.997000000000014,M+H,2000,0.5
CCMSLIB00000085546,CCMSLIB00000086140,1,414.165,384.151,30.01400000000001,M+H,2000,0.5
CCMSLIB00000086103,CCMSLIB00000085174,1,421.21,403.213,17.996999999999957,M+H,2000,0.5
CCMSLIB00000085535,CCMSLIB00000085526,1,373.097,357.103,15.993999999999971,M+H,2000,0.5
CCMSLIB00000085437,CCMSLIB00000085174,1,417.23,403.213,14.016999999999996,M+H,2000,0.5
CCMSLIB00000085535,CCMSLIB00000086105,1,373.097,357.102,15.995000000000005,M+H,2000,0.5
CCMSLIB00000086051,CCMSLIB00000085225,1,302.071,268.103,33.96800000000002,M+H,2000,0.5
CCMSLIB00000085240,CCMSLIB00000085854,1,371.986,338.03,33.95600000000002,M+H,2000,0.5
CCMSLIB00000085131,CCMSLIB00000085225,1,344.138,268.103,76.03499999999997,M+H,2000,0.5
CCMSLIB00000085116,CCMSLIB00000085776,1,411.2,393.211,17.988999999999976,M+H,2000,0.5
CCMSLIB00000085939,CCMSLIB00000085225,1,336.164,268.103,68.06099999999998,M+H,2000,0.5
CCMSLIB00000085983,CCMSLIB00000086191,1,461.153,445.165,15.988,M+H,2000,0.5
CCMSLIB00000085178,CCMSLIB00000085562,1,386.185,372.175,14.009999999999991,M+H,2000,0.5
CCMSLIB00000085210,CCMSLIB00000085737,1,453.208,435.222,17.986000000000047,M+H,2000,0.5
CCMSLIB00000085662,CCMSLIB00000085626,1,454.055,396.049,58.00600000000003,M+H,2000,0.5
CCMSLIB00000085178,CCMSLIB00000084979,1,386.185,268.103,118.082,M+H,2000,0.5
CCMSLIB00000085665,CCMSLIB00000086028,1,325.196,295.185,30.011000000000024,M+H,2000,0.5
CCMSLIB00000085256,CCMSLIB00000084942,1,369.171,289.217,79.95400000000001,M+H,2000,0.5
CCMSLIB00000085437,CCMSLIB00000085960,1,417.23,375.213,42.016999999999996,M+H,2000,0.5
CCMSLIB00000085697,CCMSLIB00000085054,1,489.327,363.215,126.11200000000002,M+H,2000,0.5
CCMSLIB00000085325,CCMSLIB00000086102,1,396.167,396.181,0.014000000000010004,M+H,2000,0.5
CCMSLIB00000085131,CCMSLIB00000085412,1,344.138,268.105,76.03299999999996,M+H,2000,0.5
CCMSLIB00000085114,CCMSLIB00000084845,1,331.229,315.236,15.992999999999995,M+H,2000,0.5
CCMSLIB00000085939,CCMSLIB00000085412,1,336.164,268.105,68.05899999999997,M+H,2000,0.5
CCMSLIB00000086012,CCMSLIB00000086061,1,309.126,295.113,14.012999999999977,M+H,2000,0.5
CCMSLIB00000084940,CCMSLIB00000085871,1,544.184,528.192,15.991999999999962,M+H,2000,0.5
CCMSLIB00000085697,CCMSLIB00000084950,1,489.327,405.228,84.09899999999999,M+H,2000,0.5
CCMSLIB00000084820,CCMSLIB00000085898,1,360.219,318.17,42.04899999999998,M+H,2000,0.5
CCMSLIB00000085329,CCMSLIB00000084784,1,405.22,347.224,57.99600000000004,M+H,2000,0.5
CCMSLIB00000085497,CCMSLIB00000085724,1,391.254,375.257,15.997000000000014,M+H,2000,0.5
CCMSLIB00000085652,CCMSLIB00000086106,1,275.135,241.175,33.95999999999998,M+H,2000,0.5
CCMSLIB00000085319,CCMSLIB00000085881,1,331.221,315.234,15.987000000000023,M+H,2000,0.5
CCMSLIB00000085940,CCMSLIB00000085637,1,276.174,262.164,14.009999999999991,M+H,2000,0.5
CCMSLIB00000086042,CCMSLIB00000084942,1,369.179,289.217,79.96199999999999,M+H,2000,0.5
CCMSLIB00000085049,CCMSLIB00000086178,1,333.241,319.266,13.974999999999966,M+H,2000,0.5
CCMSLIB00000085054,CCMSLIB00000085060,1,363.215,347.22,15.994999999999948,M+H,2000,0.5
CCMSLIB00000085183,CCMSLIB00000085898,1,360.217,318.17,42.04699999999997,M+H,2000,0.5
CCMSLIB00000085431,CCMSLIB00000085776,1,435.221,393.211,42.00999999999999,M+H,2000,0.5
CCMSLIB00000085666,CCMSLIB00000086029,1,163.102,148.097,15.004999999999995,M+2H,2000,0.5
CCMSLIB00000085673,CCMSLIB00000086028,1,325.195,295.185,30.00999999999999,M+H,2000,0.5
CCMSLIB00000084950,CCMSLIB00000085054,1,405.228,363.215,42.013000000000034,M+H,2000,0.5
CCMSLIB00000085223,CCMSLIB00000085779,1,306.089,256.136,49.952999999999975,M+H,2000,0.5
CCMSLIB00000085231,CCMSLIB00000085116,1,495.255,411.2,84.055,M+H,2000,0.5
CCMSLIB00000086008,CCMSLIB00000085862,1,325.195,295.183,30.012,M+H,2000,0.5
CCMSLIB00000084952,CCMSLIB00000085605,1,268.192,212.132,56.06,M+H,2000,0.5
CCMSLIB00000085210,CCMSLIB00000086094,1,453.208,435.226,17.982000000000028,M+H,2000,0.5
CCMSLIB00000085529,CCMSLIB00000085414,1,397.247,385.24,12.007000000000005,M+H,2000,0.5
CCMSLIB00000085485,CCMSLIB00000085060,1,361.207,347.22,13.986999999999966,M+H,2000,0.5
CCMSLIB00000085212,CCMSLIB00000085054,1,463.231,363.215,100.01600000000002,M+H,2000,0.5
CCMSLIB00000085329,CCMSLIB00000085976,1,405.22,363.214,42.00600000000003,M+H,2000,0.5
CCMSLIB00000085453,CCMSLIB00000086106,1,319.085,241.175,77.90999999999997,M+H,2000,0.5
CCMSLIB00000085495,CCMSLIB00000085862,1,325.197,295.183,30.01400000000001,M+H,2000,0.5
CCMSLIB00000085335,CCMSLIB00000085225,1,336.162,268.103,68.05899999999997,M+H,2000,0.5
CCMSLIB00000085054,CCMSLIB00000084981,1,363.215,347.221,15.993999999999971,M+H,2000,0.5
CCMSLIB00000085998,CCMSLIB00000084994,1,309.22,237.16,72.06000000000003,M+H,2000,0.5
CCMSLIB00000086051,CCMSLIB00000084979,1,302.071,268.103,33.96800000000002,M+H,2000,0.5
CCMSLIB00000085096,CCMSLIB00000086099,1,296.167,268.139,28.027999999999963,M+H,2000,0.5
CCMSLIB00000086014,CCMSLIB00000085112,1,330.13,290.096,40.03399999999999,M+H,2000,0.5
CCMSLIB00000085212,CCMSLIB00000084950,1,463.231,405.228,58.002999999999986,M+H,2000,0.5
CCMSLIB00000085856,CCMSLIB00000085263,1,447.279,347.218,100.06099999999998,M+H,2000,0.5
CCMSLIB00000084803,CCMSLIB00000085725,1,229.1,159.093,70.007,M+H,2000,0.5
CCMSLIB00000085028,CCMSLIB00000085725,1,173.107,159.093,14.01400000000001,M+H,2000,0.5
CCMSLIB00000085038,CCMSLIB00000085881,1,373.237,315.234,58.00300000000004,M+H,2000,0.5
CCMSLIB00000085320,CCMSLIB00000085822,1,270.181,256.173,14.007999999999981,M+H,2000,0.5
CCMSLIB00000085643,CCMSLIB00000085412,1,359.151,268.105,91.04599999999999,M+H,2000,0.5
CCMSLIB00000085867,CCMSLIB00000084979,1,386.186,268.103,118.08299999999997,M+H,2000,0.5
CCMSLIB00000085867,CCMSLIB00000085562,1,386.186,372.175,14.010999999999967,M+H,2000,0.5
CCMSLIB00000086002,CCMSLIB00000086028,1,325.193,295.185,30.00799999999998,M+H,2000,0.5
CCMSLIB00000085223,CCMSLIB00000085018,1,306.089,256.133,49.95600000000002,M+H,2000,0.5
CCMSLIB00000084833,CCMSLIB00000084826,1,387.257,345.246,42.011000000000024,M+H,2000,0.5
CCMSLIB00000085275,CCMSLIB00000085276,1,237.132,195.085,42.047,M+H,2000,0.5
CCMSLIB00000085793,CCMSLIB00000085225,1,387.181,268.103,119.07799999999997,M+H,2000,0.5
CCMSLIB00000085048,CCMSLIB00000084910,1,354.244,312.2,42.04400000000004,M+H,2000,0.5
CCMSLIB00000085097,CCMSLIB00000085239,1,313.218,299.199,14.019000000000005,M+H,2000,0.5
CCMSLIB00000086116,CCMSLIB00000084826,1,387.261,345.246,42.01500000000004,M+H,2000,0.5
CCMSLIB00000085011,CCMSLIB00000085361,1,304.191,290.17,14.020999999999958,M+H,2000,0.5
CCMSLIB00000085431,CCMSLIB00000086103,1,435.221,421.21,14.011000000000024,M+H,2000,0.5
CCMSLIB00000085263,CCMSLIB00000085319,1,347.218,331.221,15.997000000000014,M+H,2000,0.5
CCMSLIB00000085793,CCMSLIB00000085412,1,387.181,268.105,119.07599999999996,M+H,2000,0.5
CCMSLIB00000085856,CCMSLIB00000085054,1,447.279,363.215,84.06400000000002,M+H,2000,0.5
CCMSLIB00000085876,CCMSLIB00000086149,1,285.05,271.035,14.014999999999986,M+H,2000,0.5
CCMSLIB00000084736,CCMSLIB00000085239,1,313.218,299.199,14.019000000000005,M+H,2000,0.5
CCMSLIB00000084940,CCMSLIB00000085858,1,544.184,528.192,15.991999999999962,M+H,2000,0.5
CCMSLIB00000085190,CCMSLIB00000085225,1,286.094,268.103,17.990999999999985,M+H,2000,0.5
CCMSLIB00000085292,CCMSLIB00000084853,1,249.12,233.131,15.989000000000004,M+H,2000,0.5
CCMSLIB00000085403,CCMSLIB00000085184,1,315.166,267.188,47.97800000000001,M+H,2000,0.5
CCMSLIB00000086104,CCMSLIB00000086106,1,319.086,241.175,77.911,M+H,2000,0.5
CCMSLIB00000085697,CCMSLIB00000084784,1,489.327,347.224,142.103,M+H,2000,0.5
CCMSLIB00000085562,CCMSLIB00000084979,1,372.175,268.103,104.072,M+H,2000,0.5
CCMSLIB00000085557,CCMSLIB00000084979,1,348.137,268.103,80.03399999999999,M+H,2000,0.5
CCMSLIB00000085197,CCMSLIB00000085862,1,325.191,295.183,30.00799999999998,M+H,2000,0.5
CCMSLIB00000085006,CCMSLIB00000085541,1,654.229,576.33,77.899,M+H,2000,0.5
CCMSLIB00000085190,CCMSLIB00000085412,1,286.094,268.105,17.988999999999976,M+H,2000,0.5
CCMSLIB00000085431,CCMSLIB00000085865,1,435.221,393.211,42.00999999999999,M+H,2000,0.5
CCMSLIB00000085500,CCMSLIB00000085881,1,331.233,315.234,15.999000000000024,M+H,2000,0.5
CCMSLIB00000085096,CCMSLIB00000085588,1,296.167,268.138,28.028999999999996,M+H,2000,0.5
CCMSLIB00000085789,CCMSLIB00000085239,1,341.215,299.199,42.01599999999996,M+H,2000,0.5
CCMSLIB00000085856,CCMSLIB00000085040,1,447.279,433.258,14.021000000000015,M+H,2000,0.5
CCMSLIB00000085791,CCMSLIB00000085538,1,382.128,368.121,14.007000000000005,M+H,2000,0.5
CCMSLIB00000085335,CCMSLIB00000084979,1,336.162,268.103,68.05899999999997,M+H,2000,0.5
CCMSLIB00000085645,CCMSLIB00000085801,1,211.171,197.154,14.016999999999996,M+H,2000,0.5
CCMSLIB00000084984,CCMSLIB00000084756,1,235.108,205.099,30.009000000000015,M+H,2000,0.5
CCMSLIB00000084970,CCMSLIB00000085538,1,382.13,368.121,14.009000000000015,M+H,2000,0.5
CCMSLIB00000085276,CCMSLIB00000084951,1,195.085,181.072,14.013000000000005,M+H,2000,0.5
CCMSLIB00000085697,CCMSLIB00000085976,1,489.327,363.214,126.113,M+H,2000,0.5
CCMSLIB00000085149,CCMSLIB00000086028,1,325.194,295.185,30.009000000000015,M+H,2000,0.5
CCMSLIB00000085040,CCMSLIB00000085263,1,433.258,347.218,86.03999999999996,M+H,2000,0.5
CCMSLIB00000085196,CCMSLIB00000086029,1,163.099,148.097,15.001999999999981,M+2H,2000,0.5
CCMSLIB00000084950,CCMSLIB00000084784,1,405.228,347.224,58.00400000000002,M+H,2000,0.5
CCMSLIB00000085793,CCMSLIB00000085562,1,387.181,372.175,15.005999999999972,M+H,2000,0.5
CCMSLIB00000085114,CCMSLIB00000085881,1,331.229,315.234,15.995000000000005,M+H,2000,0.5
CCMSLIB00000085647,CCMSLIB00000085764,1,285.148,200.054,85.09400000000002,M+H,2000,0.5
CCMSLIB00000086018,CCMSLIB00000085043,1,304.191,290.175,14.015999999999963,M+H,2000,0.5
CCMSLIB00000085983,CCMSLIB00000085443,1,461.153,445.164,15.989000000000033,M+H,2000,0.5
CCMSLIB00000086121,CCMSLIB00000085603,1,292.116,278.1,14.015999999999963,M+H,2000,0.5
CCMSLIB00000084784,CCMSLIB00000085319,1,347.224,331.221,16.002999999999986,M+H,2000,0.5
CCMSLIB00000085953,CCMSLIB00000086099,1,282.147,268.139,14.007999999999981,M+H,2000,0.5
CCMSLIB00000085976,CCMSLIB00000084981,1,363.214,347.221,15.992999999999995,M+H,2000,0.5
CCMSLIB00000085643,CCMSLIB00000085225,1,359.151,268.103,91.048,M+H,2000,0.5
CCMSLIB00000085446,CCMSLIB00000085988,1,374.08,270.151,103.92899999999997,M+H,2000,0.5
CCMSLIB00000085426,CCMSLIB00000085818,1,399.115,357.069,42.04599999999999,M+H,2000,0.5
CCMSLIB00000085117,CCMSLIB00000085184,1,281.204,267.188,14.01600000000002,M+H,2000,0.5
CCMSLIB00000085491,CCMSLIB00000085319,1,345.249,331.221,14.02800000000002,M+H,2000,0.5
CCMSLIB00000084859,CCMSLIB00000084818,1,320.106,230.058,90.048,M+H,2000,0.5
CCMSLIB00000085976,CCMSLIB00000084784,1,363.214,347.224,15.990000000000009,M+H,2000,0.5
CCMSLIB00000085040,CCMSLIB00000085054,1,433.258,363.215,70.043,M+H,2000,0.5
CCMSLIB00000084950,CCMSLIB00000085976,1,405.228,363.214,42.01400000000001,M+H,2000,0.5
CCMSLIB00000085310,CCMSLIB00000085812,1,452.155,438.191,13.963999999999999,M+H,2000,0.5
CCMSLIB00000085131,CCMSLIB00000084979,1,344.138,268.103,76.03499999999997,M+H,2000,0.5
CCMSLIB00000084764,CCMSLIB00000085304,1,413.211,406.213,6.9979999999999905,M+2H,2000,0.5
CCMSLIB00000085939,CCMSLIB00000084979,1,336.164,268.103,68.06099999999998,M+H,2000,0.5
CCMSLIB00000085241,CCMSLIB00000085681,1,297.086,283.074,14.012,M+H,2000,0.5
CCMSLIB00000084738,CCMSLIB00000085282,1,255.11,181.069,74.04100000000003,M+H,2000,0.5
CCMSLIB00000084745,CCMSLIB00000085506,1,278.189,236.179,42.01000000000002,M+H,2000,0.5
CCMSLIB00000085263,CCMSLIB00000085114,1,347.218,331.229,15.989000000000033,M+H,2000,0.5
CCMSLIB00000086162,CCMSLIB00000084782,1,289.232,247.183,42.049000000000035,M+H,2000,0.5
CCMSLIB00000085212,CCMSLIB00000085976,1,463.231,363.214,100.017,M+H,2000,0.5
CCMSLIB00000085327,CCMSLIB00000084872,1,308.218,294.21,14.008000000000038,M+H,2000,0.5
CCMSLIB00000085474,CCMSLIB00000085988,1,296.169,270.151,26.017999999999972,M+H,2000,0.5
CCMSLIB00000085137,CCMSLIB00000085412,1,286.096,268.105,17.990999999999985,M+H,2000,0.5
CCMSLIB00000085116,CCMSLIB00000085865,1,411.2,393.211,17.988999999999976,M+H,2000,0.5
CCMSLIB00000084976,CCMSLIB00000084988,1,285.076,271.06,14.01600000000002,M+H,2000,0.5
CCMSLIB00000085915,CCMSLIB00000085276,1,219.088,195.085,24.002999999999986,M+H,2000,0.5
CCMSLIB00000085906,CCMSLIB00000085335,1,370.129,336.162,33.96700000000004,M+H,2000,0.5
CCMSLIB00000084825,CCMSLIB00000085506,1,300.151,236.179,63.97200000000001,M+H,2000,0.5
CCMSLIB00000085210,CCMSLIB00000084903,1,453.208,435.222,17.986000000000047,M+H,2000,0.5
CCMSLIB00000085806,CCMSLIB00000085049,1,391.253,333.241,58.012,M+H,2000,0.5
CCMSLIB00000085148,CCMSLIB00000086029,1,163.101,148.097,15.00399999999999,M+2H,2000,0.5
CCMSLIB00000086008,CCMSLIB00000086028,1,325.195,295.185,30.00999999999999,M+H,2000,0.5
CCMSLIB00000085985,CCMSLIB00000085054,1,405.225,363.215,42.01000000000005,M+H,2000,0.5
CCMSLIB00000085953,CCMSLIB00000085588,1,282.147,268.138,14.009000000000015,M+H,2000,0.5
CCMSLIB00000085923,CCMSLIB00000085342,1,188.143,174.125,14.018,M+H,2000,0.5
CCMSLIB00000085120,CCMSLIB00000084845,1,429.304,315.236,114.06799999999998,M+H,2000,0.5
CCMSLIB00000085462,CCMSLIB00000085999,1,285.189,271.171,14.018000000000029,M+H,2000,0.5
CCMSLIB00000084977,CCMSLIB00000085175,1,256.17,256.171,0.0009999999999763531,M+H,2000,0.5
CCMSLIB00000085858,CCMSLIB00000085290,1,528.192,498.171,30.021000000000015,M+H,2000,0.5
CCMSLIB00000085495,CCMSLIB00000086028,1,325.197,295.185,30.012,M+H,2000,0.5
CCMSLIB00000085038,CCMSLIB00000085114,1,373.237,331.229,42.00800000000004,M+H,2000,0.5
CCMSLIB00000085816,CCMSLIB00000085725,1,229.099,159.093,70.006,M+H,2000,0.5
CCMSLIB00000085643,CCMSLIB00000084979,1,359.151,268.103,91.048,M+H,2000,0.5
CCMSLIB00000085812,CCMSLIB00000084743,1,438.191,408.176,30.014999999999986,M+H,2000,0.5
CCMSLIB00000085856,CCMSLIB00000085976,1,447.279,363.214,84.065,M+H,2000,0.5
CCMSLIB00000085054,CCMSLIB00000085263,1,363.215,347.218,15.996999999999957,M+H,2000,0.5
CCMSLIB00000084906,CCMSLIB00000085800,1,220.05,186.089,33.96100000000001,M+H,2000,0.5
CCMSLIB00000084888,CCMSLIB00000085698,1,354.221,340.206,14.014999999999986,M+H,2000,0.5
CCMSLIB00000086176,CCMSLIB00000086028,1,325.195,295.185,30.00999999999999,M+H,2000,0.5
CCMSLIB00000085088,CCMSLIB00000085239,1,313.217,299.199,14.017999999999972,M+H,2000,0.5
CCMSLIB00000085729,CCMSLIB00000085647,1,341.174,285.148,56.025999999999954,M+H,2000,0.5
CCMSLIB00000085276,CCMSLIB00000085282,1,195.085,181.069,14.01600000000002,M+H,2000,0.5
CCMSLIB00000085320,CCMSLIB00000085175,1,270.181,256.171,14.009999999999991,M+H,2000,0.5
CCMSLIB00000084853,CCMSLIB00000085908,1,233.131,219.113,14.018,M+H,2000,0.5
CCMSLIB00000085665,CCMSLIB00000085862,1,325.196,295.183,30.013000000000034,M+H,2000,0.5
CCMSLIB00000084937,CCMSLIB00000085263,1,361.203,347.218,13.984999999999957,M+H,2000,0.5
CCMSLIB00000085969,CCMSLIB00000085999,1,351.122,271.171,79.95100000000002,M+H,2000,0.5
CCMSLIB00000085976,CCMSLIB00000085060,1,363.214,347.22,15.993999999999971,M+H,2000,0.5
CCMSLIB00000086071,CCMSLIB00000084994,1,301.138,237.16,63.97799999999998,M+H,2000,0.5
CCMSLIB00000085865,CCMSLIB00000085331,1,393.211,377.206,16.004999999999995,M+H,2000,0.5
CCMSLIB00000084790,CCMSLIB00000084746,1,291.081,249.071,42.01000000000002,M+H,2000,0.5
CCMSLIB00000085697,CCMSLIB00000085985,1,489.327,405.225,84.10199999999998,M+H,2000,0.5
CCMSLIB00000084907,CCMSLIB00000085591,1,391.197,301.153,90.04399999999998,M+H,2000,0.5
CCMSLIB00000085654,CCMSLIB00000085764,1,299.164,200.054,99.10999999999999,M+H,2000,0.5
CCMSLIB00000085178,CCMSLIB00000085412,1,386.185,268.105,118.07999999999998,M+H,2000,0.5
CCMSLIB00000085793,CCMSLIB00000084979,1,387.181,268.103,119.07799999999997,M+H,2000,0.5
CCMSLIB00000085060,CCMSLIB00000085114,1,347.22,331.229,15.991000000000042,M+H,2000,0.5
CCMSLIB00000085287,CCMSLIB00000086133,1,312.156,284.133,28.023000000000025,M+H,2000,0.5
CCMSLIB00000085120,CCMSLIB00000085500,1,429.304,331.233,98.07099999999997,M+H,2000,0.5
CCMSLIB00000085560,CCMSLIB00000084782,1,275.219,247.183,28.036,M+H,2000,0.5
CCMSLIB00000084776,CCMSLIB00000085859,1,414.158,384.149,30.009000000000015,M+H,2000,0.5
CCMSLIB00000085212,CCMSLIB00000084784,1,463.231,347.224,116.007,M+H,2000,0.5
CCMSLIB00000085871,CCMSLIB00000085290,1,528.192,498.171,30.021000000000015,M+H,2000,0.5
CCMSLIB00000085076,CCMSLIB00000086106,1,319.08,241.175,77.90499999999997,M+H,2000,0.5
CCMSLIB00000085946,CCMSLIB00000085882,1,485.299,455.293,30.005999999999972,M+H,2000,0.5
CCMSLIB00000085149,CCMSLIB00000085862,1,325.194,295.183,30.011000000000024,M+H,2000,0.5
CCMSLIB00000084994,CCMSLIB00000085486,1,237.16,166.09,71.07,M+H,2000,0.5
CCMSLIB00000085599,CCMSLIB00000085282,1,223.123,181.069,42.054,M+H,2000,0.5
CCMSLIB00000085324,CCMSLIB00000085147,1,388.223,372.237,15.98599999999999,M+H,2000,0.5
CCMSLIB00000086055,CCMSLIB00000084852,1,342.17,328.158,14.012,M+H,2000,0.5
CCMSLIB00000084738,CCMSLIB00000085276,1,255.11,195.085,60.025000000000006,M+H,2000,0.5
CCMSLIB00000085673,CCMSLIB00000085862,1,325.195,295.183,30.012,M+H,2000,0.5
CCMSLIB00000085062,CCMSLIB00000085342,1,188.143,174.125,14.018,M+H,2000,0.5
CCMSLIB00000085190,CCMSLIB00000084979,1,286.094,268.103,17.990999999999985,M+H,2000,0.5
CCMSLIB00000085137,CCMSLIB00000085225,1,286.096,268.103,17.992999999999995,M+H,2000,0.5
CCMSLIB00000086014,CCMSLIB00000085779,1,330.13,256.136,73.99399999999997,M+H,2000,0.5
CCMSLIB00000086037,CCMSLIB00000084962,1,416.097,358.084,58.01299999999998,M+H,2000,0.5
CCMSLIB00000084784,CCMSLIB00000085500,1,347.224,331.233,15.990999999999985,M+H,2000,0.5
CCMSLIB00000085197,CCMSLIB00000086028,1,325.191,295.185,30.005999999999972,M+H,2000,0.5
CCMSLIB00000085960,CCMSLIB00000086041,1,375.213,361.207,14.006000000000029,M+H,2000,0.5
CCMSLIB00000085697,CCMSLIB00000085329,1,489.327,405.22,84.10699999999997,M+H,2000,0.5
CCMSLIB00000085776,CCMSLIB00000085331,1,393.211,377.206,16.004999999999995,M+H,2000,0.5
CCMSLIB00000085906,CCMSLIB00000085939,1,370.129,336.164,33.96500000000003,M+H,2000,0.5
CCMSLIB00000085212,CCMSLIB00000085985,1,463.231,405.225,58.00599999999997,M+H,2000,0.5
CCMSLIB00000085746,CCMSLIB00000085123,1,325.163,226.094,99.06900000000002,M+H,2000,0.5
CCMSLIB00000085040,CCMSLIB00000085976,1,433.258,363.214,70.04399999999998,M+H,2000,0.5
CCMSLIB00000085319,CCMSLIB00000084845,1,331.221,315.236,15.985000000000014,M+H,2000,0.5
CCMSLIB00000085867,CCMSLIB00000085225,1,386.186,268.103,118.08299999999997,M+H,2000,0.5
CCMSLIB00000085060,CCMSLIB00000085500,1,347.22,331.233,15.987000000000023,M+H,2000,0.5
CCMSLIB00000086002,CCMSLIB00000085862,1,325.193,295.183,30.00999999999999,M+H,2000,0.5
CCMSLIB00000084826,CCMSLIB00000085500,1,345.246,331.233,14.012999999999977,M+H,2000,0.5
CCMSLIB00000084862,CCMSLIB00000086106,1,319.084,241.175,77.90899999999999,M+H,2000,0.5
CCMSLIB00000086051,CCMSLIB00000085412,1,302.071,268.105,33.96600000000001,M+H,2000,0.5
CCMSLIB00000086047,CCMSLIB00000085591,1,375.192,301.153,74.03899999999999,M+H,2000,0.5
CCMSLIB00000086177,CCMSLIB00000086029,1,163.101,148.097,15.00399999999999,M+2H,2000,0.5
CCMSLIB00000086014,CCMSLIB00000085018,1,330.13,256.133,73.99700000000001,M+H,2000,0.5
CCMSLIB00000084981,CCMSLIB00000085114,1,347.221,331.229,15.992000000000019,M+H,2000,0.5
CCMSLIB00000085011,CCMSLIB00000085043,1,304.191,290.175,14.015999999999963,M+H,2000,0.5
CCMSLIB00000085628,CCMSLIB00000085707,1,328.126,314.109,14.016999999999996,M+H,2000,0.5
CCMSLIB00000085224,CCMSLIB00000085361,2,304.154,290.17,13.98399999999998,M+H,2000,0.5
CCMSLIB00000084833,CCMSLIB00000084845,2,387.257,315.236,72.02100000000002,M+H,2000,0.5
CCMSLIB00000084981,CCMSLIB00000084845,2,347.221,315.236,31.985000000000014,M+H,2000,0.5
CCMSLIB00000085907,CCMSLIB00000085084,2,262.063,214.086,47.976999999999975,M+H,2000,0.5
CCMSLIB00000085329,CCMSLIB00000085319,2,405.22,331.221,73.99900000000002,M+H,2000,0.5
CCMSLIB00000084950,CCMSLIB00000085038,2,405.228,373.237,31.990999999999985,M+H,2000,0.5
CCMSLIB00000086017,CCMSLIB00000085614,2,240.127,212.094,28.033000000000015,M+H,2000,0.5
CCMSLIB00000085212,CCMSLIB00000085060,2,463.231,347.22,116.01099999999997,M+H,2000,0.5
CCMSLIB00000085865,CCMSLIB00000086041,2,393.211,361.207,32.00400000000002,M+H,2000,0.5
CCMSLIB00000085838,CCMSLIB00000085174,2,489.255,403.213,86.04199999999997,M+H,2000,0.5
CCMSLIB00000085373,CCMSLIB00000084857,2,667.274,609.287,57.986999999999966,M+H,2000,0.5
CCMSLIB00000085849,CCMSLIB00000085072,2,502.302,472.322,29.980000000000018,M+H,2000,0.5
CCMSLIB00000085985,CCMSLIB00000085500,2,405.225,331.233,73.99200000000002,M+H,2000,0.5
CCMSLIB00000085839,CCMSLIB00000085724,2,405.231,375.257,29.97399999999999,M+H,2000,0.5
CCMSLIB00000085669,CCMSLIB00000086018,2,318.17,304.191,13.979000000000042,M+H,2000,0.5
CCMSLIB00000085110,CCMSLIB00000085370,2,521.235,409.169,112.06600000000003,M+H,2000,0.5
CCMSLIB00000084748,CCMSLIB00000085703,2,285.078,255.067,30.010999999999967,M+H,2000,0.5
CCMSLIB00000084784,CCMSLIB00000084845,2,347.224,315.236,31.988,M+H,2000,0.5
CCMSLIB00000084740,CCMSLIB00000086044,2,305.201,249.14,56.061000000000035,M+H,2000,0.5
CCMSLIB00000085337,CCMSLIB00000084988,2,303.044,271.06,31.98399999999998,M+H,2000,0.5
CCMSLIB00000084937,CCMSLIB00000085114,2,361.203,331.229,29.97399999999999,M+H,2000,0.5
CCMSLIB00000084833,CCMSLIB00000085500,2,387.257,331.233,56.024,M+H,2000,0.5
CCMSLIB00000086111,CCMSLIB00000085988,2,318.132,270.151,47.980999999999995,M+H,2000,0.5
CCMSLIB00000085976,CCMSLIB00000085319,2,363.214,331.221,31.992999999999995,M+H,2000,0.5
CCMSLIB00000085831,CCMSLIB00000086053,2,321.135,309.136,11.998999999999967,M+H,2000,0.5
CCMSLIB00000085040,CCMSLIB00000084981,2,433.258,347.221,86.03699999999998,M+H,2000,0.5
CCMSLIB00000085343,CCMSLIB00000085282,2,267.141,181.069,86.07200000000003,M+H,2000,0.5
CCMSLIB00000085157,CCMSLIB00000085134,2,306.663,292.649,14.01400000000001,M+2H,2000,0.5
CCMSLIB00000085279,CCMSLIB00000084966,2,212.125,182.118,30.007000000000005,M+H,2000,0.5
CCMSLIB00000085040,CCMSLIB00000084784,2,433.258,347.224,86.03399999999999,M+H,2000,0.5
CCMSLIB00000085430,CCMSLIB00000086041,2,431.246,361.207,70.03899999999999,M+H,2000,0.5
CCMSLIB00000085697,CCMSLIB00000085263,2,489.327,347.218,142.10899999999998,M+H,2000,0.5
CCMSLIB00000085482,CCMSLIB00000085431,2,495.227,435.221,60.00599999999997,M+H,2000,0.5
CCMSLIB00000084772,CCMSLIB00000084903,2,495.222,435.222,60.0,M+H,2000,0.5
CCMSLIB00000085054,CCMSLIB00000085500,2,363.215,331.233,31.98199999999997,M+H,2000,0.5
CCMSLIB00000086077,CCMSLIB00000085043,2,304.16,290.175,13.985000000000014,M+H,2000,0.5
CCMSLIB00000085906,CCMSLIB00000085225,2,370.129,268.103,102.02600000000001,M+H,2000,0.5
CCMSLIB00000085985,CCMSLIB00000085060,2,405.225,347.22,58.004999999999995,M+H,2000,0.5
CCMSLIB00000085856,CCMSLIB00000085319,2,447.279,331.221,116.05799999999999,M+H,2000,0.5
CCMSLIB00000085915,CCMSLIB00000084951,2,219.088,181.072,38.01599999999999,M+H,2000,0.5
CCMSLIB00000085465,CCMSLIB00000085361,2,304.159,290.17,13.988999999999976,M+H,2000,0.5
CCMSLIB00000084813,CCMSLIB00000085038,2,403.215,373.237,29.977999999999952,M+H,2000,0.5
CCMSLIB00000085906,CCMSLIB00000085412,2,370.129,268.105,102.024,M+H,2000,0.5
CCMSLIB00000084758,CCMSLIB00000085262,2,221.113,221.109,0.003999999999990678,M+H,2000,0.5
CCMSLIB00000085697,CCMSLIB00000085319,2,489.327,331.221,158.106,M+H,2000,0.5
CCMSLIB00000084950,CCMSLIB00000085263,2,405.228,347.218,58.00999999999999,M+H,2000,0.5
CCMSLIB00000085985,CCMSLIB00000084981,2,405.225,347.221,58.00400000000002,M+H,2000,0.5
CCMSLIB00000085263,CCMSLIB00000085881,2,347.218,315.234,31.984000000000037,M+H,2000,0.5
CCMSLIB00000086014,CCMSLIB00000085988,2,330.13,270.151,59.978999999999985,M+H,2000,0.5
CCMSLIB00000085000,CCMSLIB00000085276,2,251.15,195.085,56.065,M+H,2000,0.5
CCMSLIB00000085212,CCMSLIB00000085263,2,463.231,347.218,116.01299999999998,M+H,2000,0.5
CCMSLIB00000085292,CCMSLIB00000085908,2,249.12,219.113,30.007000000000005,M+H,2000,0.5
CCMSLIB00000085883,CCMSLIB00000085940,2,288.178,276.174,12.004000000000019,M+H,2000,0.5
CCMSLIB00000086116,CCMSLIB00000084845,2,387.261,315.236,72.02500000000003,M+H,2000,0.5
CCMSLIB00000085902,CCMSLIB00000085361,2,304.155,290.17,13.984999999999957,M+H,2000,0.5
CCMSLIB00000085976,CCMSLIB00000085114,2,363.214,331.229,31.985000000000014,M+H,2000,0.5
CCMSLIB00000085414,CCMSLIB00000086170,2,385.24,313.221,72.019,M+H,2000,0.5
CCMSLIB00000085376,CCMSLIB00000085402,2,201.135,161.108,40.02699999999999,M+H,2000,0.5
CCMSLIB00000086163,CCMSLIB00000086041,2,395.191,361.207,33.98399999999998,M+H,2000,0.5
CCMSLIB00000084950,CCMSLIB00000085319,2,405.228,331.221,74.007,M+H,2000,0.5
CCMSLIB00000085008,CCMSLIB00000085532,2,401.145,316.1,85.04499999999996,M+H,2000,0.5
CCMSLIB00000085329,CCMSLIB00000085500,2,405.22,331.233,73.98700000000002,M+H,2000,0.5
CCMSLIB00000085040,CCMSLIB00000085060,2,433.258,347.22,86.03799999999995,M+H,2000,0.5
CCMSLIB00000085482,CCMSLIB00000085116,2,495.227,411.2,84.02699999999999,M+H,2000,0.5
CCMSLIB00000085212,CCMSLIB00000085319,2,463.231,331.221,132.01,M+H,2000,0.5
CCMSLIB00000084782,CCMSLIB00000084828,2,247.183,221.168,26.014999999999986,M+H,2000,0.5
CCMSLIB00000085832,CCMSLIB00000085735,2,213.105,169.078,44.02699999999999,M+H,2000,0.5
CCMSLIB00000086103,CCMSLIB00000086041,2,421.21,361.207,60.002999999999986,M+H,2000,0.5
CCMSLIB00000084940,CCMSLIB00000085290,2,544.184,498.171,46.01299999999998,M+H,2000,0.5
CCMSLIB00000085883,CCMSLIB00000085637,2,288.178,262.164,26.01400000000001,M+H,2000,0.5
CCMSLIB00000085906,CCMSLIB00000084991,2,370.129,286.07,84.05900000000003,M+H,2000,0.5
CCMSLIB00000085521,CCMSLIB00000085578,2,293.146,267.13,26.01600000000002,M+H,2000,0.5
CCMSLIB00000085856,CCMSLIB00000085114,2,447.279,331.229,116.05000000000001,M+H,2000,0.5
CCMSLIB00000086116,CCMSLIB00000085500,2,387.261,331.233,56.02800000000002,M+H,2000,0.5
CCMSLIB00000084738,CCMSLIB00000084951,2,255.11,181.072,74.03800000000001,M+H,2000,0.5
CCMSLIB00000085055,CCMSLIB00000084966,2,212.127,182.118,30.009000000000015,M+H,2000,0.5
CCMSLIB00000085737,CCMSLIB00000086163,2,435.222,395.191,40.031000000000006,M+H,2000,0.5
CCMSLIB00000084784,CCMSLIB00000085881,2,347.224,315.234,31.99000000000001,M+H,2000,0.5
CCMSLIB00000084772,CCMSLIB00000085737,2,495.222,435.222,60.0,M+H,2000,0.5
CCMSLIB00000086057,CCMSLIB00000085604,2,425.185,357.261,67.92399999999998,M+H,2000,0.5
CCMSLIB00000085491,CCMSLIB00000085881,2,345.249,315.234,30.015000000000043,M+H,2000,0.5
CCMSLIB00000085976,CCMSLIB00000085500,2,363.214,331.233,31.980999999999995,M+H,2000,0.5
CCMSLIB00000085529,CCMSLIB00000085997,2,397.247,371.224,26.023000000000025,M+H,2000,0.5
CCMSLIB00000085060,CCMSLIB00000085881,2,347.22,315.234,31.986000000000047,M+H,2000,0.5
CCMSLIB00000084826,CCMSLIB00000085881,2,345.246,315.234,30.012,M+H,2000,0.5
CCMSLIB00000085915,CCMSLIB00000085282,2,219.088,181.069,38.019000000000005,M+H,2000,0.5
CCMSLIB00000085985,CCMSLIB00000085038,2,405.225,373.237,31.988,M+H,2000,0.5
CCMSLIB00000084969,CCMSLIB00000085648,2,352.191,340.192,11.998999999999967,M+H,2000,0.5
CCMSLIB00000084995,CCMSLIB00000085722,2,326.212,326.216,0.004000000000019099,M+H,2000,0.5
CCMSLIB00000085985,CCMSLIB00000085319,2,405.225,331.221,74.00400000000002,M+H,2000,0.5
CCMSLIB00000085669,CCMSLIB00000085011,2,318.17,304.191,13.979000000000042,M+H,2000,0.5
CCMSLIB00000085838,CCMSLIB00000086041,2,489.255,361.207,128.048,M+H,2000,0.5
CCMSLIB00000085310,CCMSLIB00000084743,2,452.155,408.176,43.978999999999985,M+H,2000,0.5
CCMSLIB00000085329,CCMSLIB00000084981,2,405.22,347.221,57.999000000000024,M+H,2000,0.5
CCMSLIB00000085465,CCMSLIB00000085043,2,304.159,290.175,13.98399999999998,M+H,2000,0.5
CCMSLIB00000085431,CCMSLIB00000085174,2,435.221,403.213,32.00799999999998,M+H,2000,0.5
CCMSLIB00000085121,CCMSLIB00000086170,2,405.185,313.221,91.964,M+H,2000,0.5
CCMSLIB00000084958,CCMSLIB00000086103,2,509.237,421.21,88.02700000000004,M+H,2000,0.5
CCMSLIB00000085697,CCMSLIB00000085500,2,489.327,331.233,158.094,M+H,2000,0.5
CCMSLIB00000086142,CCMSLIB00000086119,2,401.214,341.192,60.02199999999999,M+H,2000,0.5
CCMSLIB00000084813,CCMSLIB00000085500,2,403.215,331.233,71.98199999999997,M+H,2000,0.5
CCMSLIB00000085341,CCMSLIB00000085093,2,506.221,480.216,26.004999999999995,M+H,2000,0.5
CCMSLIB00000085224,CCMSLIB00000085043,2,304.154,290.175,13.978999999999985,M+H,2000,0.5
CCMSLIB00000085085,CCMSLIB00000085175,2,330.164,256.171,73.993,M+H,2000,0.5
CCMSLIB00000084751,CCMSLIB00000086021,2,180.177,152.146,28.031000000000006,M+H,2000,0.5
CCMSLIB00000085231,CCMSLIB00000085776,2,495.255,393.211,102.04399999999998,M+H,2000,0.5
CCMSLIB00000085156,CCMSLIB00000085844,2,612.323,584.295,28.02800000000002,M+H,2000,0.5
CCMSLIB00000084833,CCMSLIB00000085881,2,387.257,315.234,72.02300000000002,M+H,2000,0.5
CCMSLIB00000084981,CCMSLIB00000085881,2,347.221,315.234,31.987000000000023,M+H,2000,0.5
CCMSLIB00000085054,CCMSLIB00000085319,2,363.215,331.221,31.99399999999997,M+H,2000,0.5
CCMSLIB00000085370,CCMSLIB00000086041,2,409.169,361.207,47.96199999999999,M+H,2000,0.5
CCMSLIB00000085640,CCMSLIB00000085262,2,221.114,221.109,0.0049999999999954525,M+H,2000,0.5
CCMSLIB00000085906,CCMSLIB00000084979,2,370.129,268.103,102.02600000000001,M+H,2000,0.5
CCMSLIB00000086077,CCMSLIB00000085361,2,304.16,290.17,13.990000000000009,M+H,2000,0.5
CCMSLIB00000085636,CCMSLIB00000085647,2,374.152,285.148,89.00399999999996,M+H,2000,0.5
CCMSLIB00000086116,CCMSLIB00000085881,2,387.261,315.234,72.02700000000004,M+H,2000,0.5
CCMSLIB00000084950,CCMSLIB00000085500,2,405.228,331.233,73.995,M+H,2000,0.5
CCMSLIB00000085232,CCMSLIB00000085647,2,404.155,285.148,119.00699999999995,M+H,2000,0.5
CCMSLIB00000085040,CCMSLIB00000085319,2,433.258,331.221,102.03699999999998,M+H,2000,0.5
CCMSLIB00000085437,CCMSLIB00000086041,2,417.23,361.207,56.023000000000025,M+H,2000,0.5
CCMSLIB00000085212,CCMSLIB00000085500,2,463.231,331.233,131.998,M+H,2000,0.5
CCMSLIB00000085985,CCMSLIB00000085263,2,405.225,347.218,58.007000000000005,M+H,2000,0.5
CCMSLIB00000085278,CCMSLIB00000085084,2,242.115,214.086,28.028999999999996,M+H,2000,0.5
CCMSLIB00000085856,CCMSLIB00000084784,2,447.279,347.224,100.055,M+H,2000,0.5
CCMSLIB00000085806,CCMSLIB00000086178,2,391.253,319.266,71.98699999999997,M+H,2000,0.5
CCMSLIB00000085405,CCMSLIB00000085072,2,502.299,472.322,29.976999999999975,M+H,2000,0.5
CCMSLIB00000085329,CCMSLIB00000085060,2,405.22,347.22,58.0,M+H,2000,0.5
CCMSLIB00000085697,CCMSLIB00000084981,2,489.327,347.221,142.106,M+H,2000,0.5
CCMSLIB00000084813,CCMSLIB00000084981,2,403.215,347.221,55.99399999999997,M+H,2000,0.5
CCMSLIB00000085683,CCMSLIB00000085567,2,437.989,298.076,139.91299999999995,M+H,2000,0.5
CCMSLIB00000085329,CCMSLIB00000085038,2,405.22,373.237,31.983000000000004,M+H,2000,0.5
CCMSLIB00000085431,CCMSLIB00000085331,2,435.221,377.206,58.014999999999986,M+H,2000,0.5
CCMSLIB00000084950,CCMSLIB00000085060,2,405.228,347.22,58.00799999999998,M+H,2000,0.5
CCMSLIB00000085108,CCMSLIB00000086021,2,180.176,152.146,28.03,M+H,2000,0.5
CCMSLIB00000086111,CCMSLIB00000085779,2,318.132,256.136,61.99599999999998,M+H,2000,0.5
CCMSLIB00000085000,CCMSLIB00000084951,2,251.15,181.072,70.078,M+H,2000,0.5
CCMSLIB00000084772,CCMSLIB00000086094,2,495.222,435.226,59.99599999999998,M+H,2000,0.5
CCMSLIB00000085156,CCMSLIB00000085133,2,612.323,584.294,28.028999999999996,M+H,2000,0.5
CCMSLIB00000085110,CCMSLIB00000086182,2,521.235,409.182,112.053,M+H,2000,0.5
CCMSLIB00000086182,CCMSLIB00000086041,2,409.182,361.207,47.97500000000002,M+H,2000,0.5
CCMSLIB00000085054,CCMSLIB00000085114,2,363.215,331.229,31.98599999999999,M+H,2000,0.5
CCMSLIB00000085231,CCMSLIB00000085865,2,495.255,393.211,102.04399999999998,M+H,2000,0.5
CCMSLIB00000085057,CCMSLIB00000085369,2,286.11,256.131,29.979000000000042,M+H,2000,0.5
CCMSLIB00000084950,CCMSLIB00000084981,2,405.228,347.221,58.007000000000005,M+H,2000,0.5
CCMSLIB00000085246,CCMSLIB00000085098,2,220.095,176.108,43.986999999999995,M+H,2000,0.5
CCMSLIB00000085140,CCMSLIB00000085402,2,211.125,161.108,50.016999999999996,M+H,2000,0.5
CCMSLIB00000085910,CCMSLIB00000085908,2,267.09,219.113,47.976999999999975,M+H,2000,0.5
CCMSLIB00000085485,CCMSLIB00000085114,2,361.207,331.229,29.97800000000001,M+H,2000,0.5
CCMSLIB00000085008,CCMSLIB00000086080,2,401.145,316.099,85.04599999999999,M+H,2000,0.5
CCMSLIB00000085040,CCMSLIB00000085114,2,433.258,331.229,102.029,M+H,2000,0.5
CCMSLIB00000085280,CCMSLIB00000086103,2,503.239,421.21,82.029,M+H,2000,0.5
CCMSLIB00000085212,CCMSLIB00000084981,2,463.231,347.221,116.00999999999999,M+H,2000,0.5
CCMSLIB00000085491,CCMSLIB00000084845,2,345.249,315.236,30.013000000000034,M+H,2000,0.5
CCMSLIB00000086111,CCMSLIB00000085018,2,318.132,256.133,61.999000000000024,M+H,2000,0.5
CCMSLIB00000085060,CCMSLIB00000084845,2,347.22,315.236,31.984000000000037,M+H,2000,0.5
CCMSLIB00000085517,CCMSLIB00000085861,2,337.221,267.173,70.048,M+H,2000,0.5
CCMSLIB00000085902,CCMSLIB00000085043,2,304.155,290.175,13.979999999999961,M+H,2000,0.5
CCMSLIB00000084826,CCMSLIB00000084845,2,345.246,315.236,30.00999999999999,M+H,2000,0.5
CCMSLIB00000084937,CCMSLIB00000085319,2,361.203,331.221,29.98199999999997,M+H,2000,0.5
CCMSLIB00000085856,CCMSLIB00000085060,2,447.279,347.22,100.05899999999997,M+H,2000,0.5
CCMSLIB00000085776,CCMSLIB00000086041,2,393.211,361.207,32.00400000000002,M+H,2000,0.5
CCMSLIB00000085152,CCMSLIB00000085206,2,303.088,273.075,30.013000000000034,M+H,2000,0.5
CCMSLIB00000085275,CCMSLIB00000084951,2,237.132,181.072,56.06,M+H,2000,0.5
CCMSLIB00000085861,CCMSLIB00000085608,2,267.173,180.105,87.06800000000001,M+H,2000,0.5
CCMSLIB00000085116,CCMSLIB00000085331,2,411.2,377.206,33.99399999999997,M+H,2000,0.5
CCMSLIB00000084938,CCMSLIB00000085357,2,405.217,369.226,35.990999999999985,M+H,2000,0.5
CCMSLIB00000085234,CCMSLIB00000085792,2,209.107,181.078,28.028999999999996,M+H,2000,0.5
CCMSLIB00000085263,CCMSLIB00000084845,2,347.218,315.236,31.982000000000028,M+H,2000,0.5
CCMSLIB00000085063,CCMSLIB00000085121,2,417.183,405.185,11.99799999999999,M+H,2000,0.5
CCMSLIB00000085697,CCMSLIB00000085060,2,489.327,347.22,142.10699999999997,M+H,2000,0.5
CCMSLIB00000084778,CCMSLIB00000085297,2,307.109,281.088,26.020999999999958,M+H,2000,0.5
CCMSLIB00000084813,CCMSLIB00000085060,2,403.215,347.22,55.99499999999995,M+H,2000,0.5
CCMSLIB00000085329,CCMSLIB00000085263,2,405.22,347.218,58.00200000000001,M+H,2000,0.5
CCMSLIB00000085485,CCMSLIB00000085500,2,361.207,331.233,29.97399999999999,M+H,2000,0.5
CCMSLIB00000085856,CCMSLIB00000084981,2,447.279,347.221,100.05799999999999,M+H,2000,0.5
CCMSLIB00000085932,CCMSLIB00000084884,2,451.255,415.28,35.97500000000002,M+H,2000,0.5
CCMSLIB00000086111,CCMSLIB00000085112,2,318.132,290.096,28.036,M+H,2000,0.5
CCMSLIB00000086057,CCMSLIB00000085115,2,425.185,369.153,56.03199999999998,M+H,2000,0.5
CCMSLIB00000085287,CCMSLIB00000086099,2,312.156,268.139,44.016999999999996,M+H,2000,0.5
CCMSLIB00000085238,CCMSLIB00000085399,2,400.174,372.181,27.992999999999995,M+H,2000,0.5
CCMSLIB00000086034,CCMSLIB00000084910,2,324.202,312.2,12.00200000000001,M+H,2000,0.5
CCMSLIB00000085856,CCMSLIB00000085881,3,447.279,315.234,132.04500000000002,M+H,2000,0.5
CCMSLIB00000085227,CCMSLIB00000085084,3,296.023,214.086,81.93700000000001,M+H,2000,0.5
CCMSLIB00000085000,CCMSLIB00000085282,3,251.15,181.069,70.08100000000002,M+H,2000,0.5
CCMSLIB00000085231,CCMSLIB00000085331,3,495.255,377.206,118.04899999999998,M+H,2000,0.5
CCMSLIB00000084813,CCMSLIB00000085881,3,403.215,315.234,87.981,M+H,2000,0.5
CCMSLIB00000085037,CCMSLIB00000085084,3,296.023,214.086,81.93700000000001,M+H,2000,0.5
CCMSLIB00000085560,CCMSLIB00000084828,3,275.219,221.168,54.05099999999999,M+H,2000,0.5
CCMSLIB00000085898,CCMSLIB00000085361,3,318.17,290.17,28.0,M+H,2000,0.5
CCMSLIB00000085212,CCMSLIB00000085038,3,463.231,373.237,89.99399999999997,M+H,2000,0.5
CCMSLIB00000085482,CCMSLIB00000085331,3,495.227,377.206,118.02099999999996,M+H,2000,0.5
CCMSLIB00000084979,CCMSLIB00000085082,3,268.103,206.103,62.0,M+H,2000,0.5
CCMSLIB00000085054,CCMSLIB00000084845,3,363.215,315.236,47.978999999999985,M+H,2000,0.5
CCMSLIB00000085078,CCMSLIB00000085043,3,332.221,290.175,42.04599999999999,M+H,2000,0.5
CCMSLIB00000085585,CCMSLIB00000086156,3,321.15,219.116,102.03399999999996,M+H,2000,0.5
CCMSLIB00000084937,CCMSLIB00000084845,3,361.203,315.236,45.966999999999985,M+H,2000,0.5
CCMSLIB00000085485,CCMSLIB00000084845,3,361.207,315.236,45.971000000000004,M+H,2000,0.5
CCMSLIB00000084950,CCMSLIB00000085881,3,405.228,315.234,89.99400000000003,M+H,2000,0.5
CCMSLIB00000085404,CCMSLIB00000085263,3,437.235,347.218,90.017,M+H,2000,0.5
CCMSLIB00000084898,CCMSLIB00000084966,3,240.161,182.118,58.043000000000006,M+H,2000,0.5
CCMSLIB00000085390,CCMSLIB00000085647,3,371.165,285.148,86.017,M+H,2000,0.5
CCMSLIB00000086053,CCMSLIB00000085082,3,309.136,206.103,103.03300000000002,M+H,2000,0.5
CCMSLIB00000084903,CCMSLIB00000086041,3,435.222,361.207,74.01499999999999,M+H,2000,0.5
CCMSLIB00000084991,CCMSLIB00000085082,3,286.07,206.103,79.96699999999998,M+H,2000,0.5
CCMSLIB00000085212,CCMSLIB00000085881,3,463.231,315.234,147.997,M+H,2000,0.5
CCMSLIB00000084856,CCMSLIB00000085028,3,257.088,173.107,83.98100000000002,M+H,2000,0.5
CCMSLIB00000085085,CCMSLIB00000085822,3,330.164,256.173,73.99099999999999,M+H,2000,0.5
CCMSLIB00000085404,CCMSLIB00000085054,3,437.235,363.215,74.02000000000004,M+H,2000,0.5
CCMSLIB00000085329,CCMSLIB00000085114,3,405.22,331.229,73.99100000000004,M+H,2000,0.5
CCMSLIB00000085329,CCMSLIB00000084845,3,405.22,315.236,89.98400000000004,M+H,2000,0.5
CCMSLIB00000084849,CCMSLIB00000085043,3,320.153,290.175,29.97800000000001,M+H,2000,0.5
CCMSLIB00000085708,CCMSLIB00000085043,3,332.224,290.175,42.04899999999998,M+H,2000,0.5
CCMSLIB00000086094,CCMSLIB00000086041,3,435.226,361.207,74.019,M+H,2000,0.5
CCMSLIB00000086009,CCMSLIB00000086099,3,342.175,268.139,74.036,M+H,2000,0.5
CCMSLIB00000085985,CCMSLIB00000085881,3,405.225,315.234,89.99100000000004,M+H,2000,0.5
CCMSLIB00000085317,CCMSLIB00000085005,3,419.173,361.138,58.035000000000025,M+H,2000,0.5
CCMSLIB00000085669,CCMSLIB00000085361,3,318.17,290.17,28.0,M+H,2000,0.5
CCMSLIB00000085976,CCMSLIB00000084845,3,363.214,315.236,47.97800000000001,M+H,2000,0.5
CCMSLIB00000084977,CCMSLIB00000085282,3,256.17,181.069,75.10100000000003,M+H,2000,0.5
CCMSLIB00000085241,CCMSLIB00000085600,3,297.086,243.118,53.96800000000002,M+H,2000,0.5
CCMSLIB00000085482,CCMSLIB00000085776,3,495.227,393.211,102.01599999999996,M+H,2000,0.5
CCMSLIB00000085737,CCMSLIB00000086041,3,435.222,361.207,74.01499999999999,M+H,2000,0.5
CCMSLIB00000085054,CCMSLIB00000085881,3,363.215,315.234,47.980999999999995,M+H,2000,0.5
CCMSLIB00000085280,CCMSLIB00000086163,3,503.239,395.191,108.048,M+H,2000,0.5
CCMSLIB00000084743,CCMSLIB00000085647,3,408.176,285.148,123.02799999999996,M+H,2000,0.5
CCMSLIB00000084772,CCMSLIB00000086103,3,495.222,421.21,74.012,M+H,2000,0.5
CCMSLIB00000085697,CCMSLIB00000085114,3,489.327,331.229,158.098,M+H,2000,0.5
CCMSLIB00000084813,CCMSLIB00000085114,3,403.215,331.229,71.98599999999999,M+H,2000,0.5
CCMSLIB00000085485,CCMSLIB00000085881,3,361.207,315.234,45.97300000000001,M+H,2000,0.5
CCMSLIB00000085040,CCMSLIB00000085881,3,433.258,315.234,118.024,M+H,2000,0.5
CCMSLIB00000084813,CCMSLIB00000084845,3,403.215,315.236,87.97899999999998,M+H,2000,0.5
CCMSLIB00000084950,CCMSLIB00000085114,3,405.228,331.229,73.99900000000002,M+H,2000,0.5
CCMSLIB00000085078,CCMSLIB00000085361,3,332.221,290.17,42.05099999999999,M+H,2000,0.5
CCMSLIB00000085404,CCMSLIB00000085976,3,437.235,363.214,74.02100000000002,M+H,2000,0.5
CCMSLIB00000084950,CCMSLIB00000084845,3,405.228,315.236,89.99200000000002,M+H,2000,0.5
CCMSLIB00000085212,CCMSLIB00000085114,3,463.231,331.229,132.002,M+H,2000,0.5
CCMSLIB00000085212,CCMSLIB00000084845,3,463.231,315.236,147.995,M+H,2000,0.5
CCMSLIB00000085726,CCMSLIB00000084988,3,319.048,271.06,47.988,M+H,2000,0.5
CCMSLIB00000085153,CCMSLIB00000085852,3,611.165,449.111,162.05399999999997,M+H,2000,0.5
CCMSLIB00000085898,CCMSLIB00000085043,3,318.17,290.175,27.995000000000005,M+H,2000,0.5
CCMSLIB00000084958,CCMSLIB00000085174,3,509.237,403.213,106.024,M+H,2000,0.5
CCMSLIB00000085225,CCMSLIB00000085082,3,268.103,206.103,62.0,M+H,2000,0.5
CCMSLIB00000085529,CCMSLIB00000086170,3,397.247,313.221,84.02600000000001,M+H,2000,0.5
CCMSLIB00000085856,CCMSLIB00000084845,3,447.279,315.236,132.043,M+H,2000,0.5
CCMSLIB00000085985,CCMSLIB00000085114,3,405.225,331.229,73.99600000000004,M+H,2000,0.5
CCMSLIB00000084849,CCMSLIB00000085361,3,320.153,290.17,29.983000000000004,M+H,2000,0.5
CCMSLIB00000084937,CCMSLIB00000085881,3,361.203,315.234,45.968999999999994,M+H,2000,0.5
CCMSLIB00000085482,CCMSLIB00000086103,3,495.227,421.21,74.017,M+H,2000,0.5
CCMSLIB00000085856,CCMSLIB00000085500,3,447.279,331.233,116.04599999999999,M+H,2000,0.5
CCMSLIB00000085280,CCMSLIB00000085737,3,503.239,435.222,68.017,M+H,2000,0.5
CCMSLIB00000085329,CCMSLIB00000085881,3,405.22,315.234,89.98600000000005,M+H,2000,0.5
CCMSLIB00000085210,CCMSLIB00000086163,3,453.208,395.191,58.01700000000005,M+H,2000,0.5
CCMSLIB00000085482,CCMSLIB00000085865,3,495.227,393.211,102.01599999999996,M+H,2000,0.5
CCMSLIB00000085040,CCMSLIB00000084845,3,433.258,315.236,118.02199999999999,M+H,2000,0.5
CCMSLIB00000085669,CCMSLIB00000085043,3,318.17,290.175,27.995000000000005,M+H,2000,0.5
CCMSLIB00000085412,CCMSLIB00000085082,3,268.105,206.103,62.00200000000001,M+H,2000,0.5
CCMSLIB00000085116,CCMSLIB00000086041,3,411.2,361.207,49.992999999999995,M+H,2000,0.5
CCMSLIB00000085976,CCMSLIB00000085881,3,363.214,315.234,47.98000000000002,M+H,2000,0.5
CCMSLIB00000085280,CCMSLIB00000085174,3,503.239,403.213,100.02599999999995,M+H,2000,0.5
CCMSLIB00000085040,CCMSLIB00000085500,3,433.258,331.233,102.02499999999998,M+H,2000,0.5
CCMSLIB00000085697,CCMSLIB00000085038,3,489.327,373.237,116.08999999999997,M+H,2000,0.5
CCMSLIB00000085708,CCMSLIB00000085361,3,332.224,290.17,42.053999999999974,M+H,2000,0.5
CCMSLIB00000085985,CCMSLIB00000084845,3,405.225,315.236,89.98900000000003,M+H,2000,0.5
CCMSLIB00000085852,CCMSLIB00000085337,3,449.111,303.044,146.067,M+H,2000,0.5
CCMSLIB00000085431,CCMSLIB00000086041,3,435.221,361.207,74.01400000000001,M+H,2000,0.5
CCMSLIB00000085574,CCMSLIB00000084966,3,226.148,182.118,44.03,M+H,2000,0.5
CCMSLIB00000084788,CCMSLIB00000085848,0,384.178,384.179,0.0009999999999763531,M+H,2000,0.5
CCMSLIB00000084863,CCMSLIB00000085398,0,260.204,260.203,0.0010000000000331966,M+H,2000,0.5
CCMSLIB00000085666,CCMSLIB00000085196,0,163.102,163.099,0.0030000000000143245,M+2H,2000,0.5
CCMSLIB00000085601,CCMSLIB00000085933,0,470.24,470.23,0.009999999999990905,M+H,2000,0.5
CCMSLIB00000085544,CCMSLIB00000085746,0,325.168,325.163,0.0049999999999954525,M+H,2000,0.5
CCMSLIB00000086093,CCMSLIB00000085457,0,199.127,199.127,0.0,M+H,2000,0.5
CCMSLIB00000086067,CCMSLIB00000085409,0,355.109,355.103,0.005999999999971806,M+H,2000,0.5
CCMSLIB00000085480,CCMSLIB00000084802,0,327.212,327.21,0.0020000000000095497,M+H,2000,0.5
CCMSLIB00000086122,CCMSLIB00000085294,0,409.16,409.147,0.013000000000033651,M+H,2000,0.5
CCMSLIB00000084944,CCMSLIB00000086126,0,276.173,276.175,0.0020000000000095497,M+H,2000,0.5
CCMSLIB00000085674,CCMSLIB00000085294,0,409.157,409.147,0.009999999999990905,M+H,2000,0.5
CCMSLIB00000085217,CCMSLIB00000085488,0,428.255,428.263,0.007999999999981355,M+H,2000,0.5
CCMSLIB00000084808,CCMSLIB00000085181,0,355.205,355.203,0.0020000000000095497,M+H,2000,0.5
CCMSLIB00000085983,CCMSLIB00000085918,0,461.153,461.156,0.002999999999985903,M+H,2000,0.5
CCMSLIB00000084806,CCMSLIB00000085588,0,268.136,268.138,0.0019999999999527063,M+H,2000,0.5
CCMSLIB00000084749,CCMSLIB00000085647,0,319.106,285.148,33.95799999999997,M+H,2000,0.5
CCMSLIB00000086121,CCMSLIB00000084897,0,292.116,292.114,0.0020000000000095497,M+H,2000,0.5
CCMSLIB00000084891,CCMSLIB00000085309,0,296.146,296.138,0.008000000000038199,M+H,2000,0.5
CCMSLIB00000086176,CCMSLIB00000085673,0,325.195,325.195,0.0,M+H,2000,0.5
CCMSLIB00000085244,CCMSLIB00000084852,0,328.153,328.158,0.0049999999999954525,M+H,2000,0.5
CCMSLIB00000085640,CCMSLIB00000084758,0,221.114,221.113,0.0010000000000047748,M+H,2000,0.5
CCMSLIB00000085543,CCMSLIB00000085934,0,568.332,568.317,0.014999999999986358,M+H,2000,0.5
CCMSLIB00000086193,CCMSLIB00000085043,0,290.179,290.175,0.003999999999962256,M+H,2000,0.5
CCMSLIB00000085283,CCMSLIB00000085958,0,352.15,352.151,0.0010000000000331966,M+H,2000,0.5
CCMSLIB00000085903,CCMSLIB00000084971,0,282.162,282.161,0.0009999999999763531,M+H,2000,0.5
CCMSLIB00000086137,CCMSLIB00000085757,0,294.166,294.163,0.002999999999985903,M+H,2000,0.5
CCMSLIB00000085170,CCMSLIB00000085766,0,340.241,340.242,0.0010000000000331966,M+H,2000,0.5
CCMSLIB00000086138,CCMSLIB00000085647,0,319.104,285.148,33.95599999999996,M+H,2000,0.5
CCMSLIB00000085125,CCMSLIB00000085709,0,352.042,352.043,0.0010000000000331966,M+H,2000,0.5
CCMSLIB00000084968,CCMSLIB00000085434,0,290.143,256.183,33.95999999999998,M+H,2000,0.5
CCMSLIB00000085067,CCMSLIB00000085050,0,671.391,671.391,0.0,M+H,2000,0.5
CCMSLIB00000084747,CCMSLIB00000085757,0,294.162,294.163,0.0010000000000331966,M+H,2000,0.5
CCMSLIB00000086140,CCMSLIB00000085859,0,384.151,384.149,0.0020000000000095497,M+H,2000,0.5
CCMSLIB00000086008,CCMSLIB00000085673,0,325.195,325.195,0.0,M+H,2000,0.5
CCMSLIB00000085553,CCMSLIB00000085214,0,355.21,355.202,0.007999999999981355,M+H,2000,0.5
CCMSLIB00000084977,CCMSLIB00000085822,0,256.17,256.173,0.002999999999985903,M+H,2000,0.5
CCMSLIB00000085665,CCMSLIB00000085197,0,325.196,325.191,0.005000000000052296,M+H,2000,0.5
CCMSLIB00000085267,CCMSLIB00000085981,0,452.19,452.191,0.0009999999999763531,M+H,2000,0.5
CCMSLIB00000085495,CCMSLIB00000085673,0,325.197,325.195,0.0020000000000095497,M+H,2000,0.5
CCMSLIB00000086039,CCMSLIB00000086099,0,268.139,268.139,0.0,M+H,2000,0.5
CCMSLIB00000085257,CCMSLIB00000085473,0,325.17,325.177,0.007000000000005002,M+H,2000,0.5
CCMSLIB00000085446,CCMSLIB00000085474,0,374.08,296.169,77.911,M+H,2000,0.5
CCMSLIB00000085570,CCMSLIB00000085192,0,388.206,388.199,0.007000000000005002,M+H,2000,0.5
CCMSLIB00000085078,CCMSLIB00000085708,0,332.221,332.224,0.002999999999985903,M+H,2000,0.5
CCMSLIB00000085068,CCMSLIB00000085051,0,336.2,336.199,0.0009999999999763531,M+2H,2000,0.5
CCMSLIB00000085149,CCMSLIB00000085197,0,325.194,325.191,0.0030000000000427463,M+H,2000,0.5
CCMSLIB00000085570,CCMSLIB00000085065,0,388.206,388.198,0.008000000000038199,M+H,2000,0.5
CCMSLIB00000085148,CCMSLIB00000085196,0,163.101,163.099,0.0020000000000095497,M+2H,2000,0.5
CCMSLIB00000084776,CCMSLIB00000085546,0,414.158,414.165,0.007000000000005002,M+H,2000,0.5
CCMSLIB00000085627,CCMSLIB00000085214,0,355.207,355.202,0.0049999999999954525,M+H,2000,0.5
CCMSLIB00000085403,CCMSLIB00000085117,0,315.166,281.204,33.96199999999999,M+H,2000,0.5
CCMSLIB00000084878,CCMSLIB00000085406,0,466.322,466.32,0.0020000000000095497,M+H,2000,0.5
CCMSLIB00000085244,CCMSLIB00000085770,0,328.153,328.158,0.0049999999999954525,M+H,2000,0.5
CCMSLIB00000084803,CCMSLIB00000085816,0,229.1,229.099,0.0010000000000047748,M+H,2000,0.5
CCMSLIB00000084982,CCMSLIB00000085926,0,358.201,358.201,0.0,M+H,2000,0.5
CCMSLIB00000086002,CCMSLIB00000085197,0,325.193,325.191,0.0020000000000095497,M+H,2000,0.5
CCMSLIB00000086039,CCMSLIB00000085588,0,268.139,268.138,0.0010000000000331966,M+H,2000,0.5
CCMSLIB00000085365,CCMSLIB00000085401,0,368.21,368.221,0.011000000000024102,M+H,2000,0.5
CCMSLIB00000085588,CCMSLIB00000086099,0,268.138,268.139,0.0010000000000331966,M+H,2000,0.5
CCMSLIB00000085675,CCMSLIB00000084818,0,230.058,230.058,0.0,M+H,2000,0.5
CCMSLIB00000084808,CCMSLIB00000085214,0,355.205,355.202,0.002999999999985903,M+H,2000,0.5
CCMSLIB00000085849,CCMSLIB00000085405,0,502.302,502.299,0.0030000000000427463,M+H,2000,0.5
CCMSLIB00000085295,CCMSLIB00000084794,0,246.168,246.174,0.006000000000000227,M+H,2000,0.5
CCMSLIB00000085649,CCMSLIB00000085147,0,372.239,372.237,0.0019999999999527063,M+H,2000,0.5
CCMSLIB00000085712,CCMSLIB00000084814,0,253.096,253.1,0.003999999999990678,M+H,2000,0.5
CCMSLIB00000085998,CCMSLIB00000085270,0,309.22,309.216,0.004000000000019099,M+H,2000,0.5
CCMSLIB00000086008,CCMSLIB00000085197,0,325.195,325.191,0.004000000000019099,M+H,2000,0.5
CCMSLIB00000085415,CCMSLIB00000085024,0,393.221,393.218,0.002999999999985903,M+H,2000,0.5
CCMSLIB00000085186,CCMSLIB00000085822,0,254.156,256.173,2.016999999999996,M+H,2000,0.5
CCMSLIB00000084861,CCMSLIB00000085333,0,272.106,272.098,0.007999999999981355,M+H,2000,0.5
CCMSLIB00000086193,CCMSLIB00000085361,0,290.179,290.17,0.008999999999957708,M+H,2000,0.5
CCMSLIB00000085397,CCMSLIB00000086126,0,276.172,276.175,0.002999999999985903,M+H,2000,0.5
CCMSLIB00000086109,CCMSLIB00000085927,0,286.26,286.253,0.007000000000005002,M+H,2000,0.5
CCMSLIB00000086048,CCMSLIB00000085982,0,267.175,267.168,0.007000000000005002,M+H,2000,0.5
CCMSLIB00000085175,CCMSLIB00000085822,0,256.171,256.173,0.0020000000000095497,M+H,2000,0.5
CCMSLIB00000085334,CCMSLIB00000085874,0,231.016,231.022,0.006000000000000227,M+H,2000,0.5
CCMSLIB00000086176,CCMSLIB00000085197,0,325.195,325.191,0.004000000000019099,M+H,2000,0.5
CCMSLIB00000085032,CCMSLIB00000084913,0,505.208,505.214,0.005999999999971806,M+H,2000,0.5
CCMSLIB00000085378,CCMSLIB00000086065,0,494.322,494.341,0.019000000000005457,M+H,2000,0.5
CCMSLIB00000084747,CCMSLIB00000086137,0,294.162,294.166,0.004000000000019099,M+H,2000,0.5
CCMSLIB00000086177,CCMSLIB00000085196,0,163.101,163.099,0.0020000000000095497,M+2H,2000,0.5
CCMSLIB00000085406,CCMSLIB00000084787,0,466.32,466.319,0.0009999999999763531,M+H,2000,0.5
CCMSLIB00000085968,CCMSLIB00000084795,0,326.247,326.251,0.003999999999962256,M+H,2000,0.5
CCMSLIB00000085125,CCMSLIB00000085616,0,352.042,352.048,0.006000000000028649,M+H,2000,0.5
CCMSLIB00000086127,CCMSLIB00000084936,0,306.087,306.084,0.002999999999985903,M+H,2000,0.5
CCMSLIB00000086046,CCMSLIB00000085835,0,406.202,406.199,0.002999999999985903,M+H,2000,0.5
CCMSLIB00000085665,CCMSLIB00000085673,0,325.196,325.195,0.0010000000000331966,M+H,2000,0.5
CCMSLIB00000085125,CCMSLIB00000085195,0,352.042,352.044,0.0020000000000095497,M+H,2000,0.5
CCMSLIB00000085899,CCMSLIB00000085473,0,325.174,325.177,0.0030000000000427463,M+H,2000,0.5
CCMSLIB00000085111,CCMSLIB00000085059,0,470.142,470.142,0.0,M+H,2000,0.5
CCMSLIB00000085227,CCMSLIB00000085037,0,296.023,296.023,0.0,M+H,2000,0.5
CCMSLIB00000085031,CCMSLIB00000084912,0,253.109,253.112,0.002999999999985903,M+2H,2000,0.5
CCMSLIB00000085709,CCMSLIB00000085616,0,352.043,352.048,0.0049999999999954525,M+H,2000,0.5
CCMSLIB00000086174,CCMSLIB00000084802,0,327.211,327.21,0.0010000000000331966,M+H,2000,0.5
CCMSLIB00000085112,CCMSLIB00000085779,0,290.096,256.136,33.95999999999998,M+H,2000,0.5
CCMSLIB00000084869,CCMSLIB00000084913,0,505.213,505.214,0.0009999999999763531,M+H,2000,0.5
CCMSLIB00000085553,CCMSLIB00000085181,0,355.21,355.203,0.007000000000005002,M+H,2000,0.5
CCMSLIB00000085734,CCMSLIB00000085074,0,291.148,291.145,0.0030000000000427463,M+H,2000,0.5
CCMSLIB00000084878,CCMSLIB00000084787,0,466.322,466.319,0.002999999999985903,M+H,2000,0.5
CCMSLIB00000085149,CCMSLIB00000085673,0,325.194,325.195,0.0009999999999763531,M+H,2000,0.5
CCMSLIB00000086146,CCMSLIB00000085548,0,263.063,263.065,0.0020000000000095497,M+H,2000,0.5
CCMSLIB00000085709,CCMSLIB00000085195,0,352.043,352.044,0.0009999999999763531,M+H,2000,0.5
CCMSLIB00000085495,CCMSLIB00000085197,0,325.197,325.191,0.006000000000028649,M+H,2000,0.5
CCMSLIB00000085770,CCMSLIB00000084852,0,328.158,328.158,0.0,M+H,2000,0.5
CCMSLIB00000085112,CCMSLIB00000085018,0,290.096,256.133,33.96300000000002,M+H,2000,0.5
CCMSLIB00000084918,CCMSLIB00000085443,0,445.164,445.164,0.0,M+H,2000,0.5
CCMSLIB00000084806,CCMSLIB00000086099,0,268.136,268.139,0.002999999999985903,M+H,2000,0.5
CCMSLIB00000084864,CCMSLIB00000085464,0,425.192,425.193,0.0009999999999763531,M+H,2000,0.5
CCMSLIB00000086002,CCMSLIB00000085673,0,325.193,325.195,0.0020000000000095497,M+H,2000,0.5
CCMSLIB00000086183,CCMSLIB00000085301,0,344.238,344.229,0.009000000000014552,M+H,2000,0.5
CCMSLIB00000085987,CCMSLIB00000085194,0,356.154,356.152,0.0020000000000095497,M+H,2000,0.5
CCMSLIB00000085164,CCMSLIB00000084768,0,317.066,317.065,0.0009999999999763531,M+H,2000,0.5
CCMSLIB00000085627,CCMSLIB00000085181,0,355.207,355.203,0.004000000000019099,M+H,2000,0.5
CCMSLIB00000084772,CCMSLIB00000086163,4,495.222,395.191,100.031,M+H,2000,0.5
CCMSLIB00000085231,CCMSLIB00000086041,4,495.255,361.207,134.048,M+H,2000,0.5
CCMSLIB00000084772,CCMSLIB00000085174,4,495.222,403.213,92.00899999999996,M+H,2000,0.5
CCMSLIB00000085210,CCMSLIB00000086041,4,453.208,361.207,92.00100000000003,M+H,2000,0.5
CCMSLIB00000084883,CCMSLIB00000085863,4,459.181,335.199,123.98199999999997,M+H,2000,0.5
CCMSLIB00000085280,CCMSLIB00000085430,4,503.239,431.246,71.993,M+H,2000,0.5
CCMSLIB00000084776,CCMSLIB00000085699,4,414.158,360.222,53.936000000000035,M+H,2000,0.5
CCMSLIB00000084958,CCMSLIB00000086041,4,509.237,361.207,148.03000000000003,M+H,2000,0.5
CCMSLIB00000086066,CCMSLIB00000085010,4,321.191,269.152,52.03899999999999,M+H,2000,0.5
CCMSLIB00000085482,CCMSLIB00000085174,4,495.227,403.213,92.01399999999995,M+H,2000,0.5
CCMSLIB00000085063,CCMSLIB00000086170,4,417.183,313.221,103.96199999999999,M+H,2000,0.5
CCMSLIB00000086162,CCMSLIB00000084828,4,289.232,221.168,68.06400000000002,M+H,2000,0.5
CCMSLIB00000085137,CCMSLIB00000085082,4,286.096,206.103,79.993,M+H,2000,0.5
CCMSLIB00000085231,CCMSLIB00000085431,4,495.255,435.221,60.03399999999999,M+H,2000,0.5
CCMSLIB00000085280,CCMSLIB00000086041,4,503.239,361.207,142.03199999999998,M+H,2000,0.5
CCMSLIB00000085468,CCMSLIB00000086114,4,468.304,378.272,90.03199999999998,M+H,2000,0.5
CCMSLIB00000084820,CCMSLIB00000085361,4,360.219,290.17,70.04899999999998,M+H,2000,0.5
CCMSLIB00000085016,CCMSLIB00000086041,4,521.229,361.207,160.02200000000005,M+H,2000,0.5
CCMSLIB00000085404,CCMSLIB00000085060,4,437.235,347.22,90.01499999999999,M+H,2000,0.5
CCMSLIB00000085546,CCMSLIB00000085699,4,414.165,360.222,53.94300000000004,M+H,2000,0.5
CCMSLIB00000086051,CCMSLIB00000085082,4,302.071,206.103,95.96800000000002,M+H,2000,0.5
CCMSLIB00000085404,CCMSLIB00000085114,4,437.235,331.229,106.00600000000003,M+H,2000,0.5
CCMSLIB00000085110,CCMSLIB00000086041,4,521.235,361.207,160.02800000000002,M+H,2000,0.5
CCMSLIB00000085190,CCMSLIB00000085082,4,286.094,206.103,79.99099999999999,M+H,2000,0.5
CCMSLIB00000085183,CCMSLIB00000085361,4,360.217,290.17,70.04699999999997,M+H,2000,0.5
CCMSLIB00000085016,CCMSLIB00000085174,4,521.229,403.213,118.01600000000002,M+H,2000,0.5
CCMSLIB00000085404,CCMSLIB00000084981,4,437.235,347.221,90.01400000000001,M+H,2000,0.5
CCMSLIB00000085404,CCMSLIB00000084784,4,437.235,347.224,90.01100000000002,M+H,2000,0.5
CCMSLIB00000084881,CCMSLIB00000085890,4,282.115,194.082,88.03300000000002,M+H,2000,0.5
CCMSLIB00000084820,CCMSLIB00000085043,4,360.219,290.175,70.04399999999998,M+H,2000,0.5
CCMSLIB00000085110,CCMSLIB00000085174,4,521.235,403.213,118.02199999999999,M+H,2000,0.5
CCMSLIB00000085404,CCMSLIB00000085319,4,437.235,331.221,106.01400000000001,M+H,2000,0.5
CCMSLIB00000085527,CCMSLIB00000084966,4,255.139,182.118,73.02100000000002,M+H,2000,0.5
CCMSLIB00000085183,CCMSLIB00000085043,4,360.217,290.175,70.04199999999997,M+H,2000,0.5
CCMSLIB00000084952,CCMSLIB00000084966,5,268.192,182.118,86.07400000000001,M+H,2000,0.5
CCMSLIB00000085567,CCMSLIB00000085199,5,298.076,209.096,88.98000000000002,M+H,2000,0.5
CCMSLIB00000085770,CCMSLIB00000086092,5,328.158,258.191,69.96700000000004,M+H,2000,0.5
CCMSLIB00000085404,CCMSLIB00000085881,5,437.235,315.234,122.00100000000003,M+H,2000,0.5
CCMSLIB00000085318,CCMSLIB00000084976,5,403.132,285.076,118.05599999999998,M+H,2000,0.5
CCMSLIB00000085404,CCMSLIB00000085500,5,437.235,331.233,106.00200000000001,M+H,2000,0.5
CCMSLIB00000085244,CCMSLIB00000086023,5,328.153,258.19,69.96300000000002,M+H,2000,0.5
CCMSLIB00000085231,CCMSLIB00000086103,5,495.255,421.21,74.04500000000002,M+H,2000,0.5
CCMSLIB00000085770,CCMSLIB00000086023,5,328.158,258.19,69.96800000000002,M+H,2000,0.5
CCMSLIB00000085244,CCMSLIB00000086092,5,328.153,258.191,69.96200000000005,M+H,2000,0.5
CCMSLIB00000084898,CCMSLIB00000085937,5,240.161,166.121,74.03999999999999,M+H,2000,0.5
CCMSLIB00000084772,CCMSLIB00000086041,5,495.222,361.207,134.015,M+H,2000,0.5
CCMSLIB00000085404,CCMSLIB00000084845,5,437.235,315.236,121.99900000000002,M+H,2000,0.5
CCMSLIB00000085482,CCMSLIB00000086041,5,495.227,361.207,134.01999999999998,M+H,2000,0.5
CCMSLIB00000085441,CCMSLIB00000084966,5,250.147,182.118,68.029,M+H,2000,0.5
CCMSLIB00000085231,CCMSLIB00000085174,6,495.255,403.213,92.04199999999997,M+H,2000,0.5
CCMSLIB00000084810,CCMSLIB00000086114,6,480.3,378.272,102.02800000000002,M+H,2000,0.5
CCMSLIB00000085318,CCMSLIB00000084988,6,403.132,271.06,132.072,M+H,2000,0.5
